ids,labels
0,48
1,74
2,89
3,48
4,70
5,14
6,75
7,48
8,12
9,13
10,48
11,75
12,48
13,69
14,20
15,14
16,51
17,42
18,54
19,83
20,26
21,48
22,48
23,12
24,48
25,48
26,13
27,48
28,48
29,20
30,48
31,13
32,48
33,13
34,74
35,48
36,58
37,58
38,58
39,48
40,75
41,95
42,58
43,95
44,48
45,13
46,83
47,45
48,85
49,89
50,81
51,89
52,18
53,21
54,58
55,13
56,73
57,52
58,75
59,81
60,48
61,51
62,48
63,74
64,45
65,48
66,88
67,48
68,74
69,14
70,48
71,81
72,66
73,58
74,67
75,13
76,82
77,58
78,14
79,6
80,13
81,81
82,48
83,14
84,75
85,37
86,48
87,81
88,48
89,95
90,48
91,48
92,75
93,42
94,48
95,48
96,95
97,48
98,48
99,89
100,75
101,83
102,89
103,48
104,48
105,95
106,48
107,89
108,83
109,13
110,58
111,48
112,66
113,45
114,88
115,12
116,48
117,75
118,14
119,48
120,90
121,45
122,75
123,70
124,82
125,45
126,48
127,48
128,48
129,66
130,48
131,48
132,58
133,81
134,48
135,81
136,90
137,75
138,52
139,12
140,74
141,48
142,52
143,89
144,48
145,95
146,42
147,48
148,58
149,48
150,48
151,75
152,48
153,81
154,48
155,42
156,48
157,48
158,85
159,48
160,13
161,48
162,66
163,58
164,48
165,89
166,58
167,51
168,48
169,45
170,81
171,45
172,75
173,21
174,48
175,45
176,56
177,95
178,18
179,75
180,75
181,48
182,48
183,14
184,75
185,48
186,45
187,95
188,45
189,45
190,48
191,48
192,45
193,13
194,42
195,48
196,89
197,48
198,14
199,48
200,6
201,48
202,90
203,37
204,74
205,13
206,48
207,21
208,48
209,4
210,95
211,48
212,12
213,75
214,42
215,48
216,89
217,95
218,83
219,48
220,48
221,95
222,42
223,81
224,48
225,48
226,58
227,37
228,48
229,48
230,12
231,83
232,58
233,48
234,66
235,48
236,48
237,48
238,82
239,56
240,12
241,48
242,48
243,58
244,48
245,82
246,48
247,81
248,21
249,48
250,48
251,48
252,56
253,12
254,14
255,75
256,48
257,85
258,88
259,88
260,48
261,95
262,13
263,48
264,75
265,75
266,20
267,83
268,48
269,81
270,13
271,48
272,89
273,51
274,48
275,75
276,73
277,88
278,95
279,48
280,48
281,42
282,48
283,48
284,95
285,75
286,6
287,48
288,14
289,48
290,74
291,48
292,21
293,48
294,14
295,48
296,58
297,74
298,89
299,75
300,18
301,56
302,48
303,6
304,48
305,14
306,95
307,48
308,88
309,95
310,75
311,14
312,48
313,89
314,48
315,48
316,81
317,48
318,48
319,48
320,89
321,85
322,48
323,83
324,48
325,58
326,48
327,14
328,51
329,48
330,48
331,26
332,95
333,92
334,58
335,90
336,30
337,48
338,48
339,73
340,81
341,70
342,90
343,82
344,48
345,75
346,75
347,48
348,13
349,48
350,89
351,14
352,48
353,13
354,48
355,75
356,58
357,48
358,48
359,42
360,48
361,48
362,89
363,42
364,75
365,48
366,48
367,51
368,89
369,75
370,48
371,51
372,48
373,48
374,48
375,48
376,14
377,83
378,42
379,14
380,48
381,14
382,48
383,89
384,37
385,74
386,66
387,95
388,48
389,13
390,81
391,81
392,48
393,95
394,48
395,48
396,48
397,81
398,52
399,87
400,75
401,48
402,48
403,81
404,48
405,51
406,48
407,48
408,58
409,48
410,66
411,85
412,95
413,48
414,48
415,48
416,66
417,56
418,82
419,42
420,48
421,48
422,48
423,81
424,12
425,48
426,75
427,48
428,75
429,21
430,74
431,6
432,95
433,75
434,48
435,51
436,48
437,48
438,39
439,13
440,48
441,58
442,81
443,85
444,19
445,48
446,14
447,48
448,89
449,13
450,48
451,45
452,48
453,58
454,48
455,48
456,75
457,75
458,48
459,51
460,48
461,48
462,95
463,22
464,14
465,75
466,14
467,12
468,6
469,48
470,21
471,75
472,75
473,48
474,48
475,58
476,48
477,48
478,75
479,48
480,13
481,75
482,22
483,48
484,45
485,18
486,6
487,22
488,48
489,48
490,75
491,45
492,89
493,85
494,58
495,75
496,58
497,14
498,89
499,51
500,48
501,38
502,48
503,48
504,48
505,48
506,21
507,48
508,47
509,95
510,74
511,48
512,88
513,95
514,48
515,83
516,73
517,88
518,45
519,54
520,66
521,48
522,75
523,81
524,6
525,95
526,13
527,14
528,48
529,14
530,89
531,75
532,48
533,42
534,48
535,48
536,56
537,48
538,58
539,89
540,14
541,14
542,45
543,48
544,88
545,18
546,48
547,48
548,90
549,48
550,89
551,45
552,95
553,48
554,48
555,42
556,45
557,95
558,48
559,89
560,75
561,48
562,20
563,45
564,21
565,81
566,48
567,45
568,48
569,13
570,45
571,81
572,48
573,48
574,21
575,12
576,13
577,14
578,90
579,18
580,48
581,75
582,82
583,13
584,83
585,41
586,48
587,14
588,48
589,48
590,51
591,48
592,13
593,48
594,48
595,48
596,48
597,95
598,14
599,48
600,48
601,48
602,82
603,42
604,89
605,48
606,75
607,81
608,42
609,51
610,45
611,82
612,48
613,48
614,70
615,48
616,75
617,14
618,45
619,48
620,89
621,48
622,81
623,58
624,90
625,75
626,48
627,48
628,95
629,82
630,75
631,21
632,48
633,13
634,83
635,89
636,22
637,81
638,83
639,74
640,89
641,48
642,48
643,13
644,21
645,89
646,48
647,82
648,14
649,48
650,48
651,48
652,89
653,48
654,81
655,45
656,48
657,13
658,48
659,48
660,48
661,48
662,21
663,21
664,75
665,82
666,13
667,81
668,51
669,48
670,14
671,95
672,83
673,21
674,45
675,86
676,74
677,81
678,45
679,12
680,48
681,48
682,58
683,45
684,75
685,75
686,14
687,48
688,81
689,81
690,72
691,45
692,48
693,82
694,48
695,48
696,48
697,48
698,73
699,48
700,48
701,42
702,66
703,51
704,18
705,48
706,74
707,81
708,48
709,58
710,48
711,48
712,48
713,45
714,82
715,82
716,14
717,81
718,56
719,14
720,66
721,56
722,89
723,75
724,48
725,73
726,48
727,21
728,62
729,48
730,89
731,6
732,75
733,58
734,83
735,48
736,13
737,48
738,83
739,4
740,30
741,48
742,48
743,75
744,66
745,48
746,48
747,18
748,48
749,82
750,74
751,45
752,48
753,45
754,75
755,89
756,48
757,13
758,51
759,48
760,48
761,88
762,18
763,12
764,48
765,48
766,83
767,90
768,48
769,48
770,56
771,48
772,48
773,48
774,48
775,75
776,70
777,42
778,48
779,48
780,12
781,21
782,89
783,48
784,48
785,90
786,13
787,48
788,82
789,48
790,48
791,48
792,58
793,82
794,48
795,48
796,48
797,13
798,45
799,75
800,58
801,48
802,42
803,48
804,48
805,48
806,21
807,89
808,48
809,42
810,13
811,89
812,58
813,56
814,14
815,30
816,14
817,15
818,89
819,6
820,48
821,89
822,48
823,48
824,12
825,48
826,45
827,48
828,48
829,48
830,58
831,6
832,75
833,48
834,58
835,95
836,12
837,12
838,89
839,48
840,48
841,82
842,22
843,14
844,89
845,75
846,13
847,74
848,53
849,21
850,20
851,48
852,48
853,85
854,75
855,45
856,48
857,45
858,48
859,48
860,21
861,19
862,58
863,56
864,48
865,48
866,14
867,66
868,48
869,45
870,48
871,51
872,21
873,82
874,81
875,48
876,48
877,48
878,58
879,89
880,48
881,26
882,95
883,45
884,14
885,48
886,74
887,66
888,13
889,69
890,48
891,14
892,81
893,75
894,47
895,13
896,48
897,21
898,12
899,48
900,48
901,48
902,89
903,86
904,18
905,13
906,58
907,48
908,54
909,89
910,48
911,39
912,48
913,56
914,56
915,75
916,48
917,48
918,48
919,75
920,51
921,89
922,37
923,58
924,13
925,82
926,14
927,89
928,89
929,74
930,14
931,58
932,48
933,12
934,48
935,95
936,14
937,89
938,48
939,66
940,12
941,58
942,45
943,39
944,12
945,48
946,48
947,14
948,75
949,56
950,89
951,48
952,75
953,14
954,66
955,13
956,12
957,13
958,95
959,14
960,74
961,48
962,13
963,75
964,48
965,48
966,95
967,52
968,83
969,51
970,37
971,74
972,75
973,48
974,48
975,12
976,81
977,90
978,54
979,45
980,48
981,88
982,42
983,21
984,48
985,75
986,51
987,66
988,95
989,21
990,12
991,75
992,89
993,37
994,48
995,75
996,51
997,12
998,83
999,58
1000,75
1001,12
1002,51
1003,45
1004,90
1005,58
1006,48
1007,18
1008,95
1009,51
1010,70
1011,89
1012,48
1013,48
1014,14
1015,48
1016,90
1017,75
1018,48
1019,75
1020,48
1021,48
1022,45
1023,90
1024,48
1025,81
1026,48
1027,45
1028,21
1029,48
1030,48
1031,48
1032,48
1033,75
1034,13
1035,14
1036,48
1037,81
1038,81
1039,30
1040,48
1041,48
1042,82
1043,48
1044,45
1045,58
1046,48
1047,66
1048,48
1049,70
1050,48
1051,48
1052,48
1053,73
1054,48
1055,48
1056,48
1057,48
1058,90
1059,48
1060,14
1061,48
1062,6
1063,12
1064,58
1065,42
1066,95
1067,48
1068,48
1069,89
1070,48
1071,21
1072,45
1073,22
1074,81
1075,95
1076,48
1077,74
1078,48
1079,48
1080,48
1081,48
1082,83
1083,90
1084,4
1085,75
1086,72
1087,73
1088,37
1089,47
1090,48
1091,75
1092,85
1093,95
1094,89
1095,45
1096,48
1097,83
1098,85
1099,81
1100,48
1101,75
1102,48
1103,75
1104,12
1105,21
1106,48
1107,12
1108,74
1109,81
1110,45
1111,21
1112,45
1113,95
1114,86
1115,82
1116,58
1117,82
1118,13
1119,42
1120,21
1121,88
1122,1
1123,75
1124,75
1125,75
1126,66
1127,13
1128,48
1129,12
1130,48
1131,95
1132,56
1133,75
1134,6
1135,58
1136,0
1137,83
1138,51
1139,74
1140,48
1141,42
1142,89
1143,13
1144,52
1145,48
1146,48
1147,48
1148,81
1149,74
1150,86
1151,89
1152,45
1153,81
1154,75
1155,58
1156,75
1157,54
1158,52
1159,88
1160,45
1161,18
1162,48
1163,39
1164,18
1165,48
1166,95
1167,48
1168,48
1169,48
1170,90
1171,92
1172,75
1173,11
1174,13
1175,66
1176,48
1177,14
1178,89
1179,48
1180,48
1181,48
1182,14
1183,48
1184,75
1185,95
1186,42
1187,89
1188,37
1189,66
1190,75
1191,45
1192,21
1193,82
1194,48
1195,56
1196,48
1197,48
1198,52
1199,21
1200,48
1201,48
1202,74
1203,45
1204,48
1205,12
1206,48
1207,52
1208,48
1209,48
1210,21
1211,14
1212,58
1213,89
1214,48
1215,81
1216,48
1217,19
1218,48
1219,37
1220,48
1221,66
1222,75
1223,12
1224,48
1225,83
1226,48
1227,58
1228,48
1229,95
1230,81
1231,82
1232,14
1233,48
1234,14
1235,48
1236,48
1237,82
1238,48
1239,48
1240,14
1241,89
1242,90
1243,48
1244,48
1245,6
1246,48
1247,56
1248,6
1249,86
1250,48
1251,18
1252,74
1253,75
1254,48
1255,58
1256,48
1257,14
1258,58
1259,45
1260,89
1261,81
1262,48
1263,48
1264,48
1265,45
1266,74
1267,48
1268,13
1269,48
1270,13
1271,48
1272,58
1273,81
1274,58
1275,89
1276,74
1277,48
1278,48
1279,95
1280,89
1281,14
1282,48
1283,81
1284,48
1285,73
1286,41
1287,48
1288,48
1289,48
1290,75
1291,12
1292,56
1293,37
1294,66
1295,66
1296,56
1297,58
1298,48
1299,45
1300,48
1301,14
1302,48
1303,48
1304,45
1305,74
1306,89
1307,58
1308,45
1309,18
1310,15
1311,95
1312,48
1313,48
1314,13
1315,14
1316,14
1317,83
1318,48
1319,46
1320,48
1321,14
1322,81
1323,48
1324,48
1325,48
1326,48
1327,48
1328,48
1329,48
1330,45
1331,81
1332,14
1333,58
1334,89
1335,47
1336,45
1337,66
1338,48
1339,21
1340,48
1341,48
1342,48
1343,74
1344,82
1345,22
1346,56
1347,48
1348,66
1349,14
1350,6
1351,66
1352,48
1353,48
1354,95
1355,90
1356,42
1357,56
1358,85
1359,66
1360,13
1361,12
1362,42
1363,81
1364,95
1365,48
1366,48
1367,48
1368,83
1369,47
1370,48
1371,51
1372,14
1373,83
1374,48
1375,48
1376,51
1377,58
1378,75
1379,21
1380,45
1381,13
1382,48
1383,58
1384,81
1385,48
1386,48
1387,51
1388,14
1389,48
1390,21
1391,48
1392,45
1393,95
1394,48
1395,56
1396,48
1397,51
1398,48
1399,45
1400,21
1401,48
1402,48
1403,48
1404,48
1405,81
1406,42
1407,48
1408,48
1409,48
1410,48
1411,14
1412,13
1413,74
1414,95
1415,51
1416,14
1417,52
1418,56
1419,83
1420,21
1421,74
1422,56
1423,89
1424,56
1425,14
1426,18
1427,48
1428,13
1429,51
1430,58
1431,48
1432,6
1433,51
1434,48
1435,13
1436,48
1437,56
1438,56
1439,51
1440,89
1441,89
1442,48
1443,75
1444,11
1445,13
1446,48
1447,48
1448,75
1449,48
1450,21
1451,56
1452,48
1453,90
1454,75
1455,48
1456,45
1457,88
1458,90
1459,48
1460,48
1461,45
1462,75
1463,45
1464,48
1465,48
1466,13
1467,14
1468,48
1469,48
1470,48
1471,48
1472,14
1473,32
1474,48
1475,48
1476,14
1477,95
1478,48
1479,48
1480,48
1481,13
1482,48
1483,45
1484,51
1485,89
1486,21
1487,48
1488,48
1489,58
1490,75
1491,58
1492,48
1493,42
1494,45
1495,48
1496,75
1497,18
1498,42
1499,81
1500,13
1501,83
1502,48
1503,89
1504,48
1505,48
1506,48
1507,48
1508,42
1509,6
1510,12
1511,74
1512,95
1513,13
1514,81
1515,48
1516,48
1517,85
1518,48
1519,66
1520,21
1521,31
1522,21
1523,48
1524,48
1525,48
1526,48
1527,48
1528,48
1529,48
1530,75
1531,89
1532,66
1533,58
1534,13
1535,82
1536,58
1537,89
1538,48
1539,95
1540,48
1541,13
1542,14
1543,6
1544,13
1545,48
1546,66
1547,66
1548,58
1549,75
1550,6
1551,48
1552,90
1553,21
1554,48
1555,48
1556,74
1557,48
1558,48
1559,13
1560,26
1561,48
1562,13
1563,37
1564,75
1565,56
1566,56
1567,51
1568,48
1569,75
1570,48
1571,48
1572,48
1573,37
1574,82
1575,90
1576,95
1577,95
1578,92
1579,48
1580,12
1581,75
1582,52
1583,48
1584,15
1585,21
1586,48
1587,75
1588,89
1589,45
1590,82
1591,48
1592,48
1593,51
1594,48
1595,95
1596,32
1597,48
1598,83
1599,48
1600,37
1601,48
1602,58
1603,48
1604,37
1605,56
1606,48
1607,48
1608,45
1609,48
1610,45
1611,58
1612,48
1613,81
1614,90
1615,48
1616,48
1617,37
1618,38
1619,48
1620,48
1621,21
1622,75
1623,48
1624,58
1625,51
1626,48
1627,48
1628,13
1629,48
1630,58
1631,48
1632,21
1633,95
1634,48
1635,48
1636,89
1637,45
1638,51
1639,12
1640,37
1641,42
1642,48
1643,75
1644,21
1645,48
1646,58
1647,21
1648,45
1649,48
1650,1
1651,45
1652,48
1653,89
1654,75
1655,12
1656,48
1657,51
1658,45
1659,56
1660,74
1661,88
1662,13
1663,83
1664,48
1665,48
1666,90
1667,18
1668,48
1669,48
1670,90
1671,48
1672,48
1673,48
1674,48
1675,48
1676,48
1677,83
1678,14
1679,58
1680,13
1681,48
1682,37
1683,14
1684,58
1685,74
1686,48
1687,89
1688,74
1689,48
1690,48
1691,48
1692,75
1693,48
1694,58
1695,74
1696,66
1697,48
1698,48
1699,48
1700,48
1701,48
1702,83
1703,48
1704,21
1705,75
1706,45
1707,48
1708,14
1709,37
1710,48
1711,48
1712,45
1713,82
1714,22
1715,21
1716,30
1717,74
1718,56
1719,58
1720,48
1721,48
1722,48
1723,85
1724,47
1725,21
1726,82
1727,48
1728,14
1729,13
1730,66
1731,48
1732,48
1733,48
1734,48
1735,21
1736,48
1737,74
1738,0
1739,48
1740,21
1741,58
1742,58
1743,45
1744,95
1745,12
1746,48
1747,75
1748,12
1749,21
1750,95
1751,38
1752,48
1753,89
1754,48
1755,75
1756,90
1757,48
1758,48
1759,88
1760,14
1761,48
1762,48
1763,56
1764,48
1765,83
1766,58
1767,48
1768,56
1769,95
1770,12
1771,51
1772,48
1773,48
1774,89
1775,48
1776,37
1777,48
1778,48
1779,14
1780,51
1781,82
1782,14
1783,48
1784,48
1785,48
1786,48
1787,48
1788,48
1789,45
1790,48
1791,45
1792,89
1793,48
1794,14
1795,48
1796,75
1797,48
1798,51
1799,89
1800,75
1801,48
1802,37
1803,90
1804,14
1805,21
1806,48
1807,48
1808,48
1809,48
1810,73
1811,75
1812,48
1813,48
1814,81
1815,81
1816,48
1817,90
1818,82
1819,56
1820,42
1821,22
1822,74
1823,14
1824,75
1825,48
1826,75
1827,82
1828,95
1829,48
1830,56
1831,95
1832,89
1833,42
1834,48
1835,48
1836,74
1837,48
1838,48
1839,66
1840,95
1841,48
1842,41
1843,21
1844,73
1845,75
1846,45
1847,75
1848,48
1849,21
1850,75
1851,48
1852,13
1853,81
1854,45
1855,56
1856,56
1857,21
1858,13
1859,45
1860,48
1861,48
1862,42
1863,82
1864,13
1865,45
1866,95
1867,18
1868,48
1869,21
1870,83
1871,21
1872,88
1873,89
1874,75
1875,48
1876,37
1877,6
1878,83
1879,48
1880,48
1881,89
1882,75
1883,14
1884,45
1885,95
1886,13
1887,66
1888,88
1889,82
1890,12
1891,52
1892,48
1893,18
1894,21
1895,48
1896,95
1897,21
1898,95
1899,14
1900,48
1901,48
1902,13
1903,48
1904,90
1905,95
1906,81
1907,48
1908,48
1909,42
1910,13
1911,89
1912,48
1913,58
1914,14
1915,48
1916,48
1917,89
1918,45
1919,48
1920,75
1921,48
1922,89
1923,14
1924,48
1925,83
1926,88
1927,89
1928,48
1929,95
1930,87
1931,15
1932,48
1933,48
1934,75
1935,95
1936,75
1937,75
1938,48
1939,14
1940,58
1941,45
1942,18
1943,15
1944,75
1945,48
1946,48
1947,48
1948,42
1949,42
1950,12
1951,14
1952,48
1953,48
1954,48
1955,81
1956,95
1957,48
1958,14
1959,45
1960,12
1961,48
1962,89
1963,48
1964,48
1965,48
1966,82
1967,14
1968,48
1969,51
1970,48
1971,14
1972,48
1973,48
1974,95
1975,48
1976,48
1977,48
1978,11
1979,48
1980,85
1981,21
1982,22
1983,48
1984,48
1985,48
1986,95
1987,13
1988,48
1989,66
1990,18
1991,48
1992,66
1993,21
1994,75
1995,21
1996,75
1997,21
1998,81
1999,75
2000,19
2001,48
2002,48
2003,48
2004,89
2005,14
2006,45
2007,48
2008,73
2009,48
2010,89
2011,56
2012,45
2013,19
2014,4
2015,1
2016,75
2017,82
2018,14
2019,58
2020,45
2021,75
2022,48
2023,48
2024,48
2025,81
2026,42
2027,48
2028,48
2029,48
2030,48
2031,48
2032,37
2033,48
2034,58
2035,66
2036,48
2037,88
2038,48
2039,48
2040,12
2041,58
2042,18
2043,82
2044,42
2045,89
2046,75
2047,66
2048,48
2049,51
2050,81
2051,66
2052,48
2053,12
2054,95
2055,58
2056,14
2057,48
2058,83
2059,21
2060,12
2061,89
2062,42
2063,12
2064,48
2065,81
2066,48
2067,21
2068,13
2069,83
2070,21
2071,58
2072,48
2073,48
2074,48
2075,66
2076,58
2077,45
2078,14
2079,48
2080,48
2081,48
2082,48
2083,48
2084,85
2085,48
2086,48
2087,56
2088,48
2089,51
2090,89
2091,48
2092,48
2093,48
2094,75
2095,48
2096,48
2097,75
2098,48
2099,48
2100,75
2101,89
2102,48
2103,45
2104,21
2105,81
2106,48
2107,75
2108,48
2109,90
2110,48
2111,90
2112,14
2113,58
2114,13
2115,58
2116,75
2117,58
2118,88
2119,48
2120,41
2121,48
2122,48
2123,48
2124,13
2125,15
2126,75
2127,75
2128,66
2129,48
2130,48
2131,48
2132,37
2133,75
2134,48
2135,51
2136,14
2137,82
2138,95
2139,81
2140,14
2141,48
2142,14
2143,48
2144,89
2145,89
2146,45
2147,48
2148,48
2149,95
2150,56
2151,21
2152,56
2153,37
2154,58
2155,48
2156,95
2157,12
2158,38
2159,52
2160,4
2161,48
2162,58
2163,48
2164,58
2165,81
2166,81
2167,48
2168,48
2169,75
2170,48
2171,89
2172,21
2173,58
2174,13
2175,6
2176,81
2177,48
2178,58
2179,48
2180,21
2181,48
2182,89
2183,56
2184,75
2185,19
2186,66
2187,66
2188,48
2189,48
2190,14
2191,12
2192,48
2193,87
2194,48
2195,48
2196,90
2197,14
2198,48
2199,89
2200,48
2201,14
2202,48
2203,13
2204,13
2205,75
2206,81
2207,95
2208,95
2209,14
2210,75
2211,48
2212,48
2213,48
2214,48
2215,58
2216,48
2217,75
2218,75
2219,48
2220,14
2221,48
2222,48
2223,6
2224,48
2225,14
2226,95
2227,75
2228,21
2229,82
2230,21
2231,48
2232,48
2233,48
2234,82
2235,89
2236,37
2237,85
2238,58
2239,82
2240,14
2241,48
2242,48
2243,45
2244,73
2245,48
2246,21
2247,95
2248,48
2249,42
2250,37
2251,48
2252,12
2253,18
2254,48
2255,82
2256,74
2257,13
2258,48
2259,48
2260,13
2261,48
2262,48
2263,48
2264,48
2265,48
2266,14
2267,89
2268,48
2269,48
2270,47
2271,82
2272,13
2273,85
2274,83
2275,48
2276,48
2277,95
2278,48
2279,48
2280,48
2281,75
2282,48
2283,89
2284,12
2285,81
2286,81
2287,75
2288,82
2289,13
2290,48
2291,19
2292,75
2293,45
2294,48
2295,58
2296,81
2297,13
2298,37
2299,48
2300,48
2301,48
2302,89
2303,26
2304,81
2305,14
2306,81
2307,48
2308,75
2309,48
2310,89
2311,12
2312,48
2313,58
2314,14
2315,19
2316,48
2317,48
2318,14
2319,75
2320,12
2321,48
2322,67
2323,56
2324,48
2325,67
2326,95
2327,45
2328,70
2329,48
2330,72
2331,48
2332,14
2333,48
2334,48
2335,60
2336,48
2337,48
2338,75
2339,48
2340,42
2341,88
2342,75
2343,82
2344,14
2345,48
2346,48
2347,48
2348,48
2349,38
2350,95
2351,88
2352,48
2353,30
2354,56
2355,59
2356,14
2357,48
2358,13
2359,48
2360,37
2361,72
2362,48
2363,48
2364,72
2365,42
2366,48
2367,13
2368,89
2369,90
2370,13
2371,45
2372,13
2373,56
2374,75
2375,0
2376,89
2377,95
2378,48
2379,48
2380,58
2381,51
2382,48
2383,47
2384,48
2385,48
2386,48
2387,48
2388,48
2389,75
2390,48
2391,13
2392,90
2393,72
2394,66
2395,45
2396,48
2397,51
2398,22
2399,89
2400,45
2401,48
2402,48
2403,48
2404,58
2405,14
2406,45
2407,69
2408,89
2409,90
2410,70
2411,14
2412,81
2413,48
2414,83
2415,48
2416,95
2417,48
2418,12
2419,48
2420,14
2421,58
2422,48
2423,95
2424,75
2425,45
2426,48
2427,13
2428,48
2429,21
2430,82
2431,89
2432,42
2433,13
2434,21
2435,48
2436,45
2437,95
2438,14
2439,81
2440,48
2441,48
2442,95
2443,41
2444,56
2445,48
2446,82
2447,31
2448,48
2449,45
2450,95
2451,58
2452,48
2453,45
2454,48
2455,85
2456,13
2457,66
2458,95
2459,58
2460,48
2461,95
2462,48
2463,22
2464,14
2465,58
2466,14
2467,83
2468,14
2469,82
2470,48
2471,75
2472,48
2473,21
2474,37
2475,48
2476,75
2477,14
2478,21
2479,48
2480,48
2481,89
2482,75
2483,45
2484,48
2485,14
2486,14
2487,48
2488,83
2489,48
2490,48
2491,13
2492,13
2493,13
2494,86
2495,89
2496,21
2497,48
2498,48
2499,58
2500,12
2501,56
2502,74
2503,89
2504,89
2505,31
2506,90
2507,64
2508,48
2509,18
2510,45
2511,48
2512,58
2513,74
2514,37
2515,13
2516,62
2517,89
2518,48
2519,14
2520,48
2521,4
2522,75
2523,45
2524,12
2525,48
2526,48
2527,89
2528,75
2529,81
2530,70
2531,89
2532,73
2533,22
2534,45
2535,48
2536,75
2537,48
2538,13
2539,12
2540,21
2541,48
2542,58
2543,75
2544,75
2545,6
2546,75
2547,48
2548,48
2549,81
2550,48
2551,89
2552,66
2553,48
2554,89
2555,48
2556,58
2557,86
2558,48
2559,83
2560,83
2561,58
2562,48
2563,75
2564,74
2565,75
2566,48
2567,75
2568,48
2569,89
2570,90
2571,42
2572,14
2573,74
2574,67
2575,85
2576,48
2577,89
2578,48
2579,51
2580,48
2581,13
2582,48
2583,48
2584,48
2585,48
2586,48
2587,48
2588,58
2589,18
2590,66
2591,13
2592,73
2593,45
2594,52
2595,48
2596,75
2597,58
2598,48
2599,15
2600,88
2601,45
2602,58
2603,13
2604,83
2605,45
2606,75
2607,66
2608,48
2609,81
2610,48
2611,73
2612,90
2613,58
2614,4
2615,74
2616,75
2617,48
2618,48
2619,48
2620,48
2621,48
2622,48
2623,42
2624,90
2625,75
2626,14
2627,83
2628,47
2629,56
2630,45
2631,21
2632,48
2633,15
2634,75
2635,48
2636,13
2637,37
2638,48
2639,48
2640,48
2641,48
2642,48
2643,48
2644,48
2645,70
2646,74
2647,14
2648,48
2649,75
2650,48
2651,66
2652,48
2653,48
2654,21
2655,48
2656,48
2657,21
2658,66
2659,48
2660,81
2661,48
2662,48
2663,82
2664,85
2665,89
2666,51
2667,45
2668,48
2669,75
2670,48
2671,42
2672,89
2673,75
2674,48
2675,89
2676,83
2677,88
2678,48
2679,45
2680,48
2681,75
2682,74
2683,89
2684,48
2685,48
2686,58
2687,75
2688,81
2689,13
2690,89
2691,13
2692,45
2693,83
2694,48
2695,51
2696,51
2697,48
2698,58
2699,90
2700,12
2701,90
2702,74
2703,48
2704,14
2705,21
2706,21
2707,90
2708,48
2709,89
2710,12
2711,48
2712,37
2713,48
2714,14
2715,42
2716,48
2717,51
2718,48
2719,89
2720,48
2721,48
2722,48
2723,75
2724,89
2725,48
2726,48
2727,48
2728,48
2729,48
2730,15
2731,95
2732,48
2733,42
2734,13
2735,90
2736,48
2737,21
2738,48
2739,42
2740,48
2741,14
2742,75
2743,18
2744,81
2745,58
2746,95
2747,45
2748,52
2749,51
2750,48
2751,45
2752,83
2753,48
2754,48
2755,48
2756,48
2757,14
2758,48
2759,89
2760,88
2761,14
2762,42
2763,45
2764,42
2765,39
2766,6
2767,48
2768,14
2769,51
2770,85
2771,5
2772,95
2773,89
2774,48
2775,48
2776,48
2777,48
2778,42
2779,12
2780,48
2781,81
2782,45
2783,48
2784,48
2785,39
2786,48
2787,48
2788,48
2789,48
2790,48
2791,75
2792,18
2793,14
2794,95
2795,66
2796,42
2797,83
2798,75
2799,42
2800,13
2801,48
2802,48
2803,45
2804,75
2805,48
2806,48
2807,89
2808,48
2809,4
2810,89
2811,82
2812,48
2813,12
2814,82
2815,45
2816,13
2817,21
2818,18
2819,48
2820,48
2821,51
2822,81
2823,75
2824,83
2825,74
2826,31
2827,48
2828,48
2829,48
2830,13
2831,82
2832,13
2833,48
2834,89
2835,21
2836,48
2837,48
2838,14
2839,6
2840,13
2841,48
2842,88
2843,48
2844,48
2845,6
2846,48
2847,48
2848,45
2849,58
2850,85
2851,37
2852,38
2853,14
2854,82
2855,58
2856,82
2857,14
2858,21
2859,48
2860,75
2861,75
2862,21
2863,48
2864,48
2865,58
2866,75
2867,75
2868,48
2869,21
2870,45
2871,89
2872,48
2873,75
2874,45
2875,48
2876,48
2877,48
2878,11
2879,48
2880,70
2881,75
2882,48
2883,13
2884,75
2885,48
2886,21
2887,48
2888,48
2889,37
2890,82
2891,13
2892,75
2893,48
2894,82
2895,48
2896,45
2897,81
2898,48
2899,48
2900,21
2901,48
2902,89
2903,45
2904,48
2905,48
2906,14
2907,48
2908,12
2909,21
2910,22
2911,48
2912,66
2913,81
2914,42
2915,13
2916,21
2917,58
2918,82
2919,48
2920,45
2921,48
2922,85
2923,48
2924,42
2925,13
2926,48
2927,48
2928,48
2929,48
2930,48
2931,47
2932,95
2933,48
2934,66
2935,48
2936,22
2937,51
2938,45
2939,75
2940,21
2941,58
2942,48
2943,48
2944,13
2945,40
2946,85
2947,95
2948,75
2949,88
2950,48
2951,48
2952,48
2953,82
2954,12
2955,48
2956,48
2957,75
2958,73
2959,45
2960,45
2961,75
2962,18
2963,48
2964,48
2965,48
2966,48
2967,75
2968,48
2969,73
2970,51
2971,45
2972,82
2973,48
2974,48
2975,48
2976,72
2977,81
2978,48
2979,48
2980,75
2981,48
2982,48
2983,21
2984,75
2985,48
2986,81
2987,48
2988,11
2989,75
2990,14
2991,74
2992,81
2993,6
2994,81
2995,12
2996,48
2997,81
2998,48
2999,56
3000,42
3001,45
3002,75
3003,48
3004,48
3005,45
3006,66
3007,48
3008,58
3009,14
3010,88
3011,48
3012,45
3013,18
3014,13
3015,48
3016,85
3017,58
3018,75
3019,48
3020,13
3021,12
3022,75
3023,75
3024,14
3025,21
3026,48
3027,48
3028,45
3029,48
3030,74
3031,18
3032,48
3033,21
3034,18
3035,13
3036,51
3037,92
3038,14
3039,42
3040,48
3041,75
3042,86
3043,14
3044,48
3045,21
3046,48
3047,48
3048,48
3049,48
3050,88
3051,14
3052,48
3053,11
3054,48
3055,48
3056,82
3057,13
3058,48
3059,83
3060,89
3061,74
3062,48
3063,95
3064,48
3065,83
3066,89
3067,95
3068,48
3069,58
3070,48
3071,73
3072,90
3073,14
3074,48
3075,75
3076,13
3077,63
3078,48
3079,4
3080,58
3081,75
3082,75
3083,48
3084,13
3085,48
3086,75
3087,58
3088,51
3089,89
3090,48
3091,48
3092,48
3093,13
3094,74
3095,48
3096,85
3097,72
3098,48
3099,48
3100,85
3101,39
3102,75
3103,48
3104,48
3105,48
3106,56
3107,6
3108,13
3109,66
3110,19
3111,13
3112,88
3113,74
3114,14
3115,82
3116,48
3117,48
3118,48
3119,48
3120,58
3121,48
3122,45
3123,89
3124,75
3125,14
3126,66
3127,75
3128,83
3129,14
3130,74
3131,48
3132,48
3133,48
3134,48
3135,48
3136,75
3137,48
3138,48
3139,95
3140,18
3141,45
3142,81
3143,21
3144,13
3145,48
3146,56
3147,73
3148,48
3149,51
3150,58
3151,48
3152,95
3153,89
3154,89
3155,74
3156,14
3157,48
3158,48
3159,75
3160,48
3161,14
3162,81
3163,56
3164,89
3165,48
3166,14
3167,12
3168,48
3169,21
3170,75
3171,11
3172,75
3173,89
3174,48
3175,85
3176,48
3177,89
3178,48
3179,48
3180,48
3181,48
3182,6
3183,13
3184,48
3185,21
3186,48
3187,42
3188,48
3189,12
3190,51
3191,88
3192,51
3193,89
3194,48
3195,89
3196,48
3197,81
3198,74
3199,58
3200,48
3201,48
3202,74
3203,48
3204,89
3205,95
3206,45
3207,48
3208,75
3209,13
3210,48
3211,48
3212,21
3213,73
3214,45
3215,81
3216,45
3217,51
3218,52
3219,48
3220,33
3221,73
3222,48
3223,90
3224,48
3225,42
3226,58
3227,54
3228,48
3229,45
3230,14
3231,48
3232,83
3233,45
3234,48
3235,89
3236,13
3237,89
3238,48
3239,12
3240,48
3241,42
3242,37
3243,81
3244,12
3245,45
3246,48
3247,74
3248,48
3249,45
3250,48
3251,89
3252,72
3253,58
3254,74
3255,48
3256,48
3257,48
3258,14
3259,21
3260,45
3261,48
3262,51
3263,74
3264,48
3265,74
3266,83
3267,81
3268,22
3269,66
3270,48
3271,48
3272,95
3273,48
3274,48
3275,48
3276,81
3277,95
3278,75
3279,58
3280,48
3281,45
3282,48
3283,6
3284,13
3285,95
3286,45
3287,14
3288,81
3289,12
3290,90
3291,12
3292,83
3293,48
3294,75
3295,73
3296,95
3297,48
3298,48
3299,6
3300,73
3301,21
3302,56
3303,56
3304,66
3305,48
3306,48
3307,48
3308,45
3309,14
3310,48
3311,82
3312,48
3313,58
3314,6
3315,48
3316,66
3317,48
3318,48
3319,89
3320,48
3321,13
3322,75
3323,89
3324,21
3325,48
3326,48
3327,18
3328,45
3329,66
3330,58
3331,48
3332,48
3333,48
3334,48
3335,13
3336,14
3337,14
3338,48
3339,81
3340,6
3341,48
3342,48
3343,89
3344,45
3345,48
3346,75
3347,48
3348,48
3349,20
3350,48
3351,74
3352,14
3353,83
3354,45
3355,82
3356,48
3357,13
3358,81
3359,48
3360,6
3361,13
3362,42
3363,56
3364,48
3365,48
3366,89
3367,45
3368,48
3369,89
3370,13
3371,48
3372,74
3373,48
3374,90
3375,14
3376,48
3377,48
3378,47
3379,75
3380,48
3381,21
3382,48
3383,42
3384,48
3385,86
3386,82
3387,48
3388,95
3389,48
3390,58
3391,48
3392,58
3393,48
3394,48
3395,81
3396,14
3397,48
3398,85
3399,48
3400,48
3401,48
3402,82
3403,14
3404,75
3405,42
3406,45
3407,48
3408,73
3409,48
3410,48
3411,75
3412,89
3413,83
3414,51
3415,58
3416,58
3417,14
3418,48
3419,42
3420,14
3421,83
3422,13
3423,19
3424,37
3425,42
3426,48
3427,48
3428,75
3429,83
3430,48
3431,48
3432,82
3433,74
3434,48
3435,83
3436,37
3437,48
3438,48
3439,48
3440,13
3441,89
3442,48
3443,56
3444,13
3445,75
3446,48
3447,75
3448,58
3449,13
3450,12
3451,89
3452,48
3453,56
3454,48
3455,12
3456,48
3457,48
3458,95
3459,48
3460,92
3461,48
3462,89
3463,48
3464,59
3465,56
3466,12
3467,48
3468,48
3469,13
3470,48
3471,48
3472,45
3473,48
3474,18
3475,75
3476,89
3477,48
3478,13
3479,48
3480,75
3481,88
3482,89
3483,75
3484,48
3485,45
3486,48
3487,48
3488,95
3489,48
3490,56
3491,48
3492,26
3493,75
3494,12
3495,95
3496,48
3497,82
3498,48
3499,75
3500,48
3501,66
3502,48
3503,89
3504,58
3505,48
3506,89
3507,58
3508,48
3509,89
3510,45
3511,48
3512,83
3513,12
3514,48
3515,48
3516,58
3517,75
3518,70
3519,48
3520,13
3521,14
3522,14
3523,56
3524,95
3525,48
3526,89
3527,48
3528,21
3529,74
3530,95
3531,1
3532,48
3533,66
3534,88
3535,22
3536,90
3537,58
3538,48
3539,56
3540,48
3541,90
3542,48
3543,48
3544,86
3545,48
3546,89
3547,48
3548,58
3549,48
3550,42
3551,48
3552,48
3553,37
3554,89
3555,12
3556,89
3557,48
3558,48
3559,82
3560,95
3561,48
3562,14
3563,51
3564,13
3565,66
3566,48
3567,21
3568,48
3569,48
3570,48
3571,48
3572,95
3573,48
3574,89
3575,48
3576,41
3577,48
3578,42
3579,48
3580,58
3581,48
3582,52
3583,48
3584,89
3585,38
3586,48
3587,73
3588,18
3589,45
3590,48
3591,13
3592,83
3593,95
3594,81
3595,48
3596,48
3597,89
3598,48
3599,48
3600,19
3601,45
3602,48
3603,42
3604,73
3605,81
3606,48
3607,6
3608,48
3609,86
3610,48
3611,74
3612,12
3613,48
3614,48
3615,48
3616,45
3617,95
3618,48
3619,48
3620,48
3621,75
3622,88
3623,75
3624,89
3625,48
3626,13
3627,48
3628,75
3629,86
3630,58
3631,14
3632,51
3633,73
3634,75
3635,56
3636,58
3637,48
3638,58
3639,90
3640,90
3641,48
3642,48
3643,48
3644,48
3645,56
3646,51
3647,90
3648,48
3649,95
3650,48
3651,75
3652,48
3653,48
3654,21
3655,58
3656,21
3657,13
3658,56
3659,48
3660,75
3661,95
3662,81
3663,48
3664,56
3665,75
3666,48
3667,48
3668,14
3669,75
3670,48
3671,41
3672,12
3673,14
3674,75
3675,48
3676,48
3677,89
3678,95
3679,39
3680,20
3681,89
3682,48
3683,48
3684,48
3685,48
3686,82
3687,48
3688,48
3689,75
3690,21
3691,45
3692,48
3693,48
3694,48
3695,48
3696,13
3697,48
3698,48
3699,48
3700,58
3701,13
3702,51
3703,75
3704,75
3705,45
3706,37
3707,13
3708,51
3709,48
3710,12
3711,48
3712,0
3713,75
3714,37
3715,48
3716,48
3717,48
3718,88
3719,12
3720,14
3721,81
3722,14
3723,48
3724,48
3725,81
3726,95
3727,90
3728,81
3729,48
3730,42
3731,75
3732,48
3733,74
3734,14
3735,89
3736,89
3737,81
3738,73
3739,21
3740,48
3741,30
3742,48
3743,37
3744,88
3745,95
3746,14
3747,75
3748,48
3749,75
3750,66
3751,83
3752,21
3753,42
3754,48
3755,48
3756,90
3757,89
3758,89
3759,48
3760,48
3761,14
3762,48
3763,48
3764,48
3765,48
3766,13
3767,48
3768,14
3769,89
3770,82
3771,48
3772,75
3773,56
3774,12
3775,58
3776,48
3777,75
3778,48
3779,48
3780,58
3781,58
3782,75
3783,13
3784,48
3785,48
3786,1
3787,45
3788,58
3789,6
3790,48
3791,47
3792,89
3793,48
3794,58
3795,58
3796,95
3797,95
3798,48
3799,13
3800,90
3801,45
3802,21
3803,48
3804,13
3805,48
3806,88
3807,48
3808,89
3809,21
3810,56
3811,82
3812,48
3813,89
3814,48
3815,48
3816,48
3817,48
3818,90
3819,21
3820,48
3821,89
3822,48
3823,51
3824,48
3825,48
3826,81
3827,48
3828,83
3829,48
3830,48
3831,51
3832,82
3833,21
3834,13
3835,75
3836,48
3837,55
3838,13
3839,75
3840,21
3841,48
3842,89
3843,95
3844,48
3845,21
3846,90
3847,48
3848,89
3849,75
3850,81
3851,12
3852,21
3853,89
3854,14
3855,45
3856,13
3857,48
3858,48
3859,14
3860,73
3861,74
3862,45
3863,58
3864,14
3865,47
3866,48
3867,42
3868,48
3869,86
3870,83
3871,89
3872,95
3873,48
3874,75
3875,48
3876,21
3877,48
3878,12
3879,48
3880,74
3881,48
3882,48
3883,48
3884,89
3885,45
3886,45
3887,13
3888,48
3889,14
3890,75
3891,48
3892,75
3893,48
3894,13
3895,48
3896,48
3897,13
3898,18
3899,48
3900,13
3901,66
3902,48
3903,51
3904,48
3905,89
3906,81
3907,48
3908,45
3909,37
3910,48
3911,12
3912,48
3913,48
3914,48
3915,48
3916,48
3917,48
3918,48
3919,48
3920,90
3921,14
3922,48
3923,48
3924,88
3925,48
3926,56
3927,48
3928,95
3929,95
3930,75
3931,37
3932,48
3933,81
3934,48
3935,48
3936,74
3937,88
3938,95
3939,48
3940,48
3941,13
3942,81
3943,45
3944,14
3945,48
3946,45
3947,13
3948,13
3949,56
3950,12
3951,75
3952,48
3953,70
3954,85
3955,48
3956,95
3957,75
3958,82
3959,14
3960,48
3961,48
3962,13
3963,74
3964,48
3965,47
3966,48
3967,48
3968,48
3969,47
3970,48
3971,48
3972,75
3973,72
3974,48
3975,82
3976,45
3977,13
3978,48
3979,95
3980,48
3981,6
3982,21
3983,48
3984,14
3985,89
3986,21
3987,48
3988,48
3989,48
3990,48
3991,89
3992,37
3993,48
3994,21
3995,6
3996,6
3997,48
3998,48
3999,48
4000,12
4001,58
4002,48
4003,48
4004,48
4005,48
4006,81
4007,13
4008,81
4009,48
4010,48
4011,48
4012,75
4013,45
4014,48
4015,81
4016,48
4017,73
4018,48
4019,58
4020,48
4021,48
4022,48
4023,14
4024,37
4025,12
4026,56
4027,58
4028,48
4029,81
4030,48
4031,20
4032,90
4033,21
4034,21
4035,52
4036,48
4037,22
4038,48
4039,88
4040,21
4041,56
4042,48
4043,48
4044,42
4045,82
4046,75
4047,41
4048,74
4049,75
4050,48
4051,51
4052,39
4053,87
4054,18
4055,48
4056,48
4057,75
4058,13
4059,74
4060,89
4061,48
4062,58
4063,45
4064,75
4065,89
4066,83
4067,21
4068,48
4069,45
4070,14
4071,48
4072,75
4073,83
4074,95
4075,48
4076,48
4077,42
4078,58
4079,48
4080,48
4081,75
4082,75
4083,89
4084,48
4085,73
4086,47
4087,90
4088,12
4089,51
4090,42
4091,14
4092,13
4093,95
4094,21
4095,81
4096,21
4097,14
4098,14
4099,82
4100,47
4101,48
4102,48
4103,82
4104,48
4105,48
4106,48
4107,75
4108,21
4109,48
4110,13
4111,81
4112,70
4113,21
4114,48
4115,13
4116,48
4117,75
4118,51
4119,58
4120,48
4121,90
4122,90
4123,48
4124,90
4125,48
4126,48
4127,75
4128,45
4129,58
4130,89
4131,66
4132,92
4133,48
4134,48
4135,48
4136,85
4137,37
4138,14
4139,48
4140,72
4141,58
4142,48
4143,48
4144,83
4145,89
4146,21
4147,48
4148,45
4149,90
4150,89
4151,45
4152,58
4153,75
4154,48
4155,14
4156,66
4157,48
4158,13
4159,83
4160,48
4161,48
4162,48
4163,48
4164,48
4165,72
4166,75
4167,58
4168,48
4169,73
4170,48
4171,26
4172,81
4173,13
4174,45
4175,6
4176,81
4177,45
4178,48
4179,48
4180,95
4181,48
4182,21
4183,75
4184,66
4185,13
4186,48
4187,21
4188,45
4189,74
4190,48
4191,85
4192,12
4193,13
4194,81
4195,66
4196,58
4197,56
4198,48
4199,81
4200,48
4201,48
4202,95
4203,51
4204,48
4205,48
4206,75
4207,95
4208,88
4209,37
4210,89
4211,81
4212,58
4213,89
4214,48
4215,48
4216,58
4217,83
4218,48
4219,48
4220,48
4221,83
4222,88
4223,48
4224,81
4225,58
4226,89
4227,48
4228,13
4229,14
4230,54
4231,37
4232,58
4233,58
4234,48
4235,12
4236,48
4237,48
4238,19
4239,48
4240,48
4241,75
4242,75
4243,66
4244,30
4245,45
4246,48
4247,11
4248,48
4249,45
4250,19
4251,90
4252,42
4253,75
4254,75
4255,14
4256,48
4257,48
4258,86
4259,48
4260,90
4261,89
4262,81
4263,89
4264,48
4265,48
4266,42
4267,14
4268,18
4269,48
4270,48
4271,42
4272,6
4273,74
4274,48
4275,95
4276,19
4277,75
4278,95
4279,48
4280,48
4281,48
4282,73
4283,48
4284,48
4285,48
4286,89
4287,21
4288,48
4289,45
4290,48
4291,48
4292,75
4293,75
4294,48
4295,45
4296,13
4297,48
4298,48
4299,13
4300,48
4301,42
4302,48
4303,88
4304,42
4305,21
4306,48
4307,48
4308,48
4309,56
4310,89
4311,21
4312,48
4313,75
4314,51
4315,1
4316,58
4317,48
4318,48
4319,48
4320,48
4321,13
4322,13
4323,48
4324,48
4325,66
4326,48
4327,90
4328,66
4329,48
4330,56
4331,88
4332,89
4333,88
4334,21
4335,89
4336,48
4337,13
4338,48
4339,48
4340,83
4341,13
4342,75
4343,75
4344,48
4345,75
4346,48
4347,51
4348,48
4349,48
4350,48
4351,30
4352,89
4353,89
4354,75
4355,48
4356,75
4357,63
4358,89
4359,48
4360,83
4361,75
4362,56
4363,48
4364,48
4365,51
4366,13
4367,83
4368,58
4369,58
4370,56
4371,95
4372,45
4373,48
4374,6
4375,74
4376,82
4377,83
4378,75
4379,81
4380,95
4381,90
4382,21
4383,75
4384,48
4385,75
4386,81
4387,82
4388,48
4389,48
4390,48
4391,48
4392,48
4393,21
4394,48
4395,88
4396,45
4397,48
4398,37
4399,48
4400,48
4401,48
4402,14
4403,89
4404,89
4405,14
4406,89
4407,48
4408,12
4409,13
4410,75
4411,45
4412,48
4413,31
4414,75
4415,90
4416,37
4417,88
4418,48
4419,37
4420,4
4421,90
4422,74
4423,48
4424,48
4425,48
4426,58
4427,75
4428,58
4429,48
4430,51
4431,82
4432,82
4433,48
4434,48
4435,89
4436,14
4437,90
4438,83
4439,48
4440,19
4441,48
4442,48
4443,48
4444,48
4445,48
4446,48
4447,75
4448,48
4449,48
4450,51
4451,21
4452,88
4453,83
4454,18
4455,21
4456,75
4457,14
4458,66
4459,58
4460,13
4461,48
4462,14
4463,48
4464,48
4465,52
4466,19
4467,5
4468,48
4469,48
4470,48
4471,48
4472,75
4473,48
4474,14
4475,58
4476,48
4477,75
4478,48
4479,30
4480,89
4481,75
4482,48
4483,75
4484,88
4485,58
4486,21
4487,48
4488,18
4489,48
4490,13
4491,48
4492,12
4493,82
4494,90
4495,48
4496,51
4497,89
4498,48
4499,82
4500,13
4501,21
4502,83
4503,95
4504,48
4505,75
4506,48
4507,89
4508,89
4509,48
4510,48
4511,22
4512,48
4513,48
4514,48
4515,48
4516,75
4517,89
4518,48
4519,82
4520,26
4521,48
4522,73
4523,66
4524,95
4525,14
4526,81
4527,74
4528,51
4529,66
4530,89
4531,14
4532,75
4533,21
4534,83
4535,48
4536,81
4537,48
4538,48
4539,48
4540,58
4541,48
4542,89
4543,14
4544,88
4545,14
4546,74
4547,48
4548,48
4549,51
4550,21
4551,48
4552,51
4553,56
4554,75
4555,48
4556,89
4557,92
4558,48
4559,74
4560,11
4561,48
4562,26
4563,85
4564,48
4565,26
4566,95
4567,70
4568,58
4569,48
4570,48
4571,73
4572,45
4573,66
4574,51
4575,48
4576,42
4577,75
4578,48
4579,48
4580,95
4581,82
4582,90
4583,13
4584,48
4585,48
4586,48
4587,45
4588,58
4589,48
4590,14
4591,48
4592,48
4593,48
4594,48
4595,48
4596,14
4597,95
4598,90
4599,48
4600,70
4601,56
4602,75
4603,48
4604,6
4605,75
4606,14
4607,42
4608,51
4609,48
4610,89
4611,48
4612,81
4613,45
4614,95
4615,90
4616,74
4617,89
4618,66
4619,48
4620,21
4621,14
4622,14
4623,81
4624,83
4625,48
4626,21
4627,14
4628,75
4629,22
4630,48
4631,51
4632,89
4633,13
4634,21
4635,13
4636,48
4637,14
4638,48
4639,89
4640,48
4641,51
4642,56
4643,14
4644,48
4645,89
4646,48
4647,74
4648,48
4649,48
4650,95
4651,48
4652,95
4653,82
4654,48
4655,42
4656,58
4657,52
4658,90
4659,66
4660,12
4661,48
4662,18
4663,89
4664,48
4665,48
4666,14
4667,48
4668,48
4669,18
4670,48
4671,48
4672,48
4673,56
4674,81
4675,48
4676,48
4677,74
4678,58
4679,89
4680,81
4681,48
4682,42
4683,6
4684,45
4685,14
4686,48
4687,88
4688,13
4689,81
4690,95
4691,89
4692,48
4693,48
4694,90
4695,48
4696,48
4697,89
4698,86
4699,54
4700,14
4701,45
4702,75
4703,14
4704,48
4705,45
4706,14
4707,48
4708,75
4709,48
4710,45
4711,48
4712,48
4713,66
4714,21
4715,21
4716,58
4717,48
4718,81
4719,14
4720,48
4721,48
4722,48
4723,89
4724,48
4725,45
4726,89
4727,48
4728,48
4729,47
4730,81
4731,48
4732,6
4733,14
4734,38
4735,54
4736,82
4737,14
4738,75
4739,58
4740,85
4741,48
4742,14
4743,95
4744,12
4745,48
4746,82
4747,56
4748,48
4749,75
4750,66
4751,48
4752,42
4753,45
4754,14
4755,48
4756,58
4757,37
4758,48
4759,67
4760,45
4761,48
4762,48
4763,81
4764,95
4765,48
4766,81
4767,82
4768,56
4769,58
4770,95
4771,13
4772,48
4773,58
4774,58
4775,13
4776,95
4777,12
4778,21
4779,48
4780,13
4781,48
4782,67
4783,42
4784,13
4785,82
4786,48
4787,14
4788,13
4789,86
4790,82
4791,89
4792,83
4793,48
4794,95
4795,13
4796,48
4797,58
4798,21
4799,48
4800,48
4801,90
4802,48
4803,12
4804,48
4805,73
4806,66
4807,89
4808,89
4809,83
4810,48
4811,66
4812,75
4813,45
4814,48
4815,48
4816,95
4817,42
4818,90
4819,21
4820,48
4821,48
4822,21
4823,48
4824,48
4825,48
4826,95
4827,14
4828,14
4829,74
4830,48
4831,45
4832,14
4833,48
4834,48
4835,6
4836,48
4837,48
4838,48
4839,45
4840,48
4841,95
4842,88
4843,48
4844,81
4845,13
4846,48
4847,48
4848,45
4849,81
4850,89
4851,82
4852,90
4853,75
4854,14
4855,48
4856,48
4857,48
4858,15
4859,48
4860,48
4861,14
4862,48
4863,75
4864,85
4865,89
4866,37
4867,48
4868,13
4869,48
4870,48
4871,48
4872,81
4873,48
4874,89
4875,48
4876,45
4877,75
4878,66
4879,48
4880,48
4881,48
4882,75
4883,13
4884,48
4885,75
4886,48
4887,48
4888,12
4889,89
4890,75
4891,75
4892,48
4893,90
4894,48
4895,48
4896,58
4897,95
4898,48
4899,48
4900,48
4901,48
4902,75
4903,74
4904,89
4905,48
4906,14
4907,48
4908,48
4909,95
4910,42
4911,21
4912,82
4913,89
4914,14
4915,48
4916,12
4917,13
4918,48
4919,95
4920,56
4921,13
4922,42
4923,83
4924,58
4925,48
4926,48
4927,48
4928,48
4929,75
4930,12
4931,81
4932,51
4933,42
4934,48
4935,38
4936,66
4937,48
4938,72
4939,58
4940,73
4941,48
4942,48
4943,18
4944,48
4945,72
4946,33
4947,45
4948,83
4949,66
4950,48
4951,48
4952,72
4953,81
4954,89
4955,48
4956,45
4957,89
4958,48
4959,95
4960,75
4961,48
4962,45
4963,48
4964,81
4965,83
4966,48
4967,12
4968,48
4969,48
4970,48
4971,66
4972,48
4973,81
4974,48
4975,89
4976,75
4977,82
4978,70
4979,48
4980,48
4981,81
4982,51
4983,75
4984,14
4985,48
4986,58
4987,18
4988,58
4989,83
4990,58
4991,75
4992,48
4993,48
4994,91
4995,58
4996,48
4997,48
4998,48
4999,48
5000,58
5001,45
5002,82
5003,75
5004,12
5005,82
5006,12
5007,48
5008,48
5009,19
5010,48
5011,37
5012,58
5013,48
5014,81
5015,82
5016,48
5017,66
5018,81
5019,82
5020,48
5021,58
5022,48
5023,95
5024,48
5025,13
5026,48
5027,75
5028,58
5029,75
5030,83
5031,48
5032,48
5033,45
5034,58
5035,48
5036,56
5037,58
5038,48
5039,12
5040,48
5041,81
5042,81
5043,48
5044,75
5045,81
5046,42
5047,51
5048,86
5049,48
5050,48
5051,48
5052,56
5053,85
5054,89
5055,14
5056,48
5057,48
5058,21
5059,56
5060,75
5061,89
5062,72
5063,58
5064,48
5065,82
5066,48
5067,48
5068,81
5069,51
5070,89
5071,14
5072,48
5073,48
5074,48
5075,75
5076,48
5077,75
5078,48
5079,48
5080,4
5081,58
5082,45
5083,48
5084,14
5085,58
5086,58
5087,75
5088,21
5089,21
5090,75
5091,48
5092,75
5093,37
5094,90
5095,75
5096,48
5097,14
5098,37
5099,45
5100,56
5101,37
5102,13
5103,75
5104,48
5105,48
5106,14
5107,48
5108,82
5109,48
5110,48
5111,14
5112,48
5113,66
5114,45
5115,90
5116,22
5117,13
5118,48
5119,12
5120,21
5121,48
5122,56
5123,14
5124,58
5125,75
5126,12
5127,95
5128,75
5129,89
5130,58
5131,48
5132,21
5133,37
5134,21
5135,75
5136,48
5137,12
5138,48
5139,75
5140,48
5141,48
5142,48
5143,14
5144,81
5145,89
5146,48
5147,45
5148,89
5149,81
5150,75
5151,95
5152,81
5153,48
5154,48
5155,48
5156,48
5157,95
5158,82
5159,66
5160,14
5161,13
5162,48
5163,58
5164,75
5165,21
5166,75
5167,48
5168,45
5169,13
5170,83
5171,48
5172,11
5173,95
5174,56
5175,58
5176,48
5177,88
5178,51
5179,48
5180,58
5181,42
5182,48
5183,45
5184,58
5185,42
5186,12
5187,95
5188,48
5189,48
5190,95
5191,48
5192,12
5193,56
5194,48
5195,75
5196,12
5197,86
5198,48
5199,75
5200,75
5201,13
5202,48
5203,5
5204,85
5205,12
5206,14
5207,75
5208,21
5209,14
5210,48
5211,83
5212,89
5213,48
5214,48
5215,75
5216,13
5217,75
5218,14
5219,14
5220,58
5221,72
5222,48
5223,56
5224,89
5225,12
5226,15
5227,21
5228,95
5229,48
5230,45
5231,48
5232,58
5233,21
5234,48
5235,37
5236,48
5237,48
5238,56
5239,48
5240,89
5241,12
5242,48
5243,75
5244,48
5245,13
5246,95
5247,48
5248,12
5249,75
5250,48
5251,75
5252,21
5253,66
5254,14
5255,48
5256,48
5257,81
5258,51
5259,69
5260,82
5261,14
5262,56
5263,14
5264,48
5265,52
5266,56
5267,90
5268,95
5269,48
5270,48
5271,88
5272,90
5273,48
5274,14
5275,95
5276,58
5277,82
5278,81
5279,48
5280,12
5281,90
5282,82
5283,73
5284,58
5285,48
5286,75
5287,89
5288,48
5289,45
5290,48
5291,75
5292,45
5293,48
5294,48
5295,48
5296,14
5297,51
5298,48
5299,75
5300,45
5301,12
5302,14
5303,47
5304,75
5305,30
5306,48
5307,14
5308,45
5309,83
5310,75
5311,48
5312,45
5313,90
5314,89
5315,48
5316,88
5317,58
5318,48
5319,48
5320,75
5321,37
5322,14
5323,90
5324,48
5325,48
5326,45
5327,48
5328,48
5329,14
5330,89
5331,45
5332,83
5333,48
5334,48
5335,48
5336,66
5337,56
5338,21
5339,48
5340,56
5341,48
5342,48
5343,58
5344,90
5345,81
5346,21
5347,21
5348,45
5349,58
5350,48
5351,14
5352,48
5353,48
5354,19
5355,12
5356,21
5357,48
5358,48
5359,48
5360,48
5361,45
5362,21
5363,75
5364,85
5365,32
5366,14
5367,48
5368,95
5369,48
5370,83
5371,14
5372,48
5373,21
5374,81
5375,48
5376,81
5377,13
5378,48
5379,12
5380,95
5381,48
5382,48
5383,42
5384,12
5385,14
5386,48
5387,89
5388,48
5389,14
5390,82
5391,48
5392,48
5393,13
5394,61
5395,48
5396,48
5397,48
5398,86
5399,48
5400,37
5401,48
5402,66
5403,48
5404,45
5405,48
5406,48
5407,48
5408,32
5409,14
5410,89
5411,22
5412,45
5413,56
5414,13
5415,48
5416,48
5417,12
5418,48
5419,48
5420,48
5421,75
5422,74
5423,13
5424,48
5425,48
5426,48
5427,14
5428,51
5429,85
5430,48
5431,41
5432,48
5433,74
5434,89
5435,51
5436,45
5437,48
5438,82
5439,89
5440,81
5441,48
5442,58
5443,73
5444,83
5445,89
5446,48
5447,13
5448,56
5449,75
5450,48
5451,56
5452,51
5453,48
5454,48
5455,89
5456,48
5457,48
5458,75
5459,37
5460,48
5461,48
5462,72
5463,48
5464,48
5465,48
5466,48
5467,48
5468,95
5469,75
5470,56
5471,75
5472,89
5473,48
5474,14
5475,75
5476,45
5477,56
5478,38
5479,48
5480,21
5481,21
5482,86
5483,75
5484,14
5485,83
5486,95
5487,48
5488,73
5489,18
5490,75
5491,14
5492,66
5493,75
5494,48
5495,89
5496,0
5497,14
5498,48
5499,48
5500,58
5501,48
5502,48
5503,21
5504,48
5505,48
5506,82
5507,19
5508,75
5509,13
5510,48
5511,89
5512,48
5513,48
5514,26
5515,13
5516,89
5517,74
5518,48
5519,48
5520,45
5521,48
5522,48
5523,89
5524,75
5525,48
5526,58
5527,22
5528,81
5529,6
5530,48
5531,21
5532,72
5533,48
5534,48
5535,48
5536,81
5537,48
5538,81
5539,14
5540,74
5541,48
5542,58
5543,18
5544,81
5545,75
5546,14
5547,12
5548,21
5549,89
5550,89
5551,37
5552,48
5553,51
5554,30
5555,48
5556,48
5557,81
5558,82
5559,48
5560,58
5561,60
5562,21
5563,48
5564,45
5565,45
5566,42
5567,95
5568,58
5569,48
5570,48
5571,85
5572,48
5573,82
5574,21
5575,85
5576,47
5577,51
5578,48
5579,81
5580,21
5581,81
5582,48
5583,48
5584,48
5585,73
5586,22
5587,48
5588,48
5589,18
5590,18
5591,74
5592,51
5593,48
5594,82
5595,75
5596,48
5597,48
5598,75
5599,86
5600,48
5601,48
5602,21
5603,48
5604,14
5605,48
5606,75
5607,45
5608,12
5609,21
5610,18
5611,81
5612,48
5613,66
5614,48
5615,81
5616,58
5617,75
5618,21
5619,48
5620,90
5621,48
5622,54
5623,22
5624,48
5625,48
5626,45
5627,48
5628,48
5629,13
5630,37
5631,75
5632,81
5633,95
5634,48
5635,48
5636,45
5637,58
5638,13
5639,14
5640,48
5641,86
5642,75
5643,53
5644,75
5645,89
5646,81
5647,58
5648,13
5649,86
5650,48
5651,13
5652,73
5653,48
5654,48
5655,48
5656,30
5657,89
5658,82
5659,31
5660,37
5661,89
5662,14
5663,48
5664,45
5665,14
5666,45
5667,75
5668,70
5669,12
5670,48
5671,66
5672,21
5673,48
5674,75
5675,58
5676,22
5677,48
5678,89
5679,62
5680,82
5681,21
5682,89
5683,48
5684,58
5685,58
5686,75
5687,42
5688,66
5689,42
5690,48
5691,48
5692,83
5693,48
5694,21
5695,12
5696,81
5697,13
5698,48
5699,48
5700,48
5701,42
5702,75
5703,12
5704,66
5705,48
5706,48
5707,48
5708,58
5709,48
5710,48
5711,48
5712,48
5713,51
5714,48
5715,58
5716,13
5717,48
5718,48
5719,4
5720,75
5721,12
5722,13
5723,58
5724,48
5725,83
5726,48
5727,22
5728,48
5729,95
5730,75
5731,83
5732,48
5733,48
5734,48
5735,6
5736,48
5737,48
5738,48
5739,48
5740,48
5741,48
5742,83
5743,13
5744,42
5745,48
5746,48
5747,89
5748,48
5749,12
5750,95
5751,48
5752,48
5753,1
5754,95
5755,21
5756,58
5757,58
5758,13
5759,48
5760,45
5761,89
5762,14
5763,90
5764,48
5765,48
5766,75
5767,48
5768,75
5769,48
5770,14
5771,48
5772,81
5773,95
5774,48
5775,48
5776,48
5777,13
5778,48
5779,75
5780,14
5781,88
5782,48
5783,22
5784,82
5785,48
5786,51
5787,21
5788,48
5789,45
5790,90
5791,95
5792,48
5793,48
5794,89
5795,48
5796,56
5797,21
5798,48
5799,11
5800,6
5801,48
5802,14
5803,95
5804,73
5805,95
5806,48
5807,0
5808,48
5809,83
5810,22
5811,13
5812,31
5813,48
5814,81
5815,58
5816,69
5817,81
5818,58
5819,75
5820,14
5821,48
5822,89
5823,13
5824,14
5825,48
5826,85
5827,13
5828,48
5829,6
5830,75
5831,48
5832,21
5833,48
5834,48
5835,48
5836,48
5837,56
5838,89
5839,48
5840,6
5841,74
5842,48
5843,48
5844,21
5845,39
5846,48
5847,81
5848,45
5849,66
5850,88
5851,75
5852,51
5853,13
5854,89
5855,48
5856,48
5857,37
5858,14
5859,82
5860,14
5861,82
5862,89
5863,45
5864,60
5865,14
5866,13
5867,74
5868,12
5869,12
5870,75
5871,48
5872,48
5873,48
5874,21
5875,12
5876,85
5877,48
5878,37
5879,20
5880,81
5881,45
5882,48
5883,48
5884,22
5885,48
5886,90
5887,26
5888,12
5889,48
5890,45
5891,4
5892,75
5893,48
5894,95
5895,48
5896,51
5897,14
5898,88
5899,75
5900,83
5901,48
5902,48
5903,56
5904,13
5905,48
5906,45
5907,21
5908,21
5909,56
5910,58
5911,51
5912,48
5913,58
5914,83
5915,48
5916,48
5917,89
5918,58
5919,56
5920,48
5921,88
5922,48
5923,74
5924,14
5925,48
5926,48
5927,85
5928,48
5929,18
5930,86
5931,92
5932,13
5933,48
5934,45
5935,58
5936,13
5937,48
5938,75
5939,66
5940,48
5941,89
5942,72
5943,48
5944,19
5945,48
5946,19
5947,14
5948,75
5949,14
5950,89
5951,95
5952,13
5953,12
5954,48
5955,48
5956,48
5957,89
5958,51
5959,22
5960,45
5961,95
5962,81
5963,81
5964,42
5965,12
5966,48
5967,48
5968,13
5969,81
5970,66
5971,45
5972,14
5973,48
5974,48
5975,92
5976,75
5977,89
5978,22
5979,75
5980,48
5981,48
5982,74
5983,20
5984,48
5985,13
5986,95
5987,48
5988,48
5989,13
5990,48
5991,48
5992,48
5993,45
5994,48
5995,48
5996,81
5997,90
5998,48
5999,21
6000,48
6001,18
6002,45
6003,12
6004,47
6005,13
6006,95
6007,48
6008,4
6009,95
6010,48
6011,37
6012,81
6013,73
6014,48
6015,48
6016,95
6017,48
6018,48
6019,74
6020,82
6021,48
6022,48
6023,48
6024,48
6025,45
6026,48
6027,48
6028,75
6029,48
6030,82
6031,12
6032,58
6033,75
6034,13
6035,51
6036,95
6037,56
6038,54
6039,48
6040,21
6041,48
6042,83
6043,54
6044,48
6045,88
6046,88
6047,83
6048,13
6049,70
6050,58
6051,48
6052,31
6053,89
6054,95
6055,48
6056,48
6057,58
6058,21
6059,66
6060,48
6061,48
6062,89
6063,89
6064,14
6065,48
6066,12
6067,75
6068,48
6069,75
6070,58
6071,66
6072,48
6073,48
6074,48
6075,48
6076,66
6077,48
6078,82
6079,22
6080,48
6081,48
6082,42
6083,37
6084,48
6085,75
6086,14
6087,48
6088,48
6089,45
6090,48
6091,66
6092,75
6093,14
6094,51
6095,6
6096,42
6097,81
6098,48
6099,48
6100,81
6101,48
6102,70
6103,13
6104,48
6105,48
6106,95
6107,81
6108,48
6109,48
6110,51
6111,48
6112,12
6113,21
6114,89
6115,74
6116,81
6117,13
6118,48
6119,48
6120,48
6121,48
6122,48
6123,14
6124,89
6125,56
6126,88
6127,75
6128,48
6129,95
6130,89
6131,48
6132,75
6133,14
6134,48
6135,75
6136,48
6137,56
6138,58
6139,48
6140,48
6141,48
6142,56
6143,88
6144,48
6145,48
6146,75
6147,74
6148,45
6149,48
6150,73
6151,89
6152,14
6153,75
6154,75
6155,82
6156,14
6157,42
6158,21
6159,42
6160,75
6161,48
6162,48
6163,48
6164,56
6165,48
6166,83
6167,70
6168,14
6169,58
6170,14
6171,48
6172,37
6173,95
6174,82
6175,48
6176,48
6177,48
6178,75
6179,12
6180,45
6181,48
6182,13
6183,89
6184,95
6185,48
6186,14
6187,48
6188,48
6189,13
6190,74
6191,48
6192,58
6193,48
6194,75
6195,75
6196,48
6197,88
6198,48
6199,83
6200,19
6201,48
6202,13
6203,48
6204,48
6205,95
6206,72
6207,66
6208,37
6209,75
6210,48
6211,48
6212,45
6213,58
6214,14
6215,75
6216,95
6217,9
6218,48
6219,21
6220,89
6221,48
6222,14
6223,48
6224,48
6225,13
6226,75
6227,88
6228,58
6229,75
6230,48
6231,21
6232,12
6233,48
6234,95
6235,81
6236,89
6237,89
6238,13
6239,45
6240,95
6241,45
6242,21
6243,48
6244,14
6245,48
6246,56
6247,45
6248,95
6249,47
6250,12
6251,66
6252,45
6253,22
6254,58
6255,48
6256,58
6257,48
6258,48
6259,12
6260,90
6261,89
6262,81
6263,83
6264,52
6265,58
6266,13
6267,48
6268,48
6269,48
6270,75
6271,38
6272,14
6273,51
6274,95
6275,89
6276,74
6277,48
6278,51
6279,48
6280,48
6281,48
6282,14
6283,12
6284,74
6285,48
6286,74
6287,67
6288,74
6289,48
6290,45
6291,45
6292,75
6293,48
6294,48
6295,13
6296,51
6297,48
6298,45
6299,48
6300,74
6301,88
6302,51
6303,66
6304,48
6305,48
6306,75
6307,48
6308,74
6309,48
6310,48
6311,81
6312,42
6313,48
6314,75
6315,51
6316,74
6317,45
6318,95
6319,13
6320,14
6321,89
6322,37
6323,48
6324,42
6325,48
6326,42
6327,75
6328,66
6329,45
6330,75
6331,75
6332,89
6333,89
6334,42
6335,75
6336,48
6337,95
6338,48
6339,13
6340,48
6341,37
6342,48
6343,48
6344,48
6345,12
6346,75
6347,5
6348,75
6349,95
6350,81
6351,45
6352,13
6353,81
6354,95
6355,48
6356,14
6357,66
6358,73
6359,52
6360,48
6361,48
6362,59
6363,21
6364,48
6365,48
6366,6
6367,89
6368,58
6369,74
6370,74
6371,58
6372,75
6373,48
6374,45
6375,14
6376,13
6377,48
6378,13
6379,89
6380,45
6381,58
6382,48
6383,48
6384,42
6385,95
6386,56
6387,48
6388,6
6389,48
6390,42
6391,21
6392,12
6393,18
6394,6
6395,42
6396,58
6397,6
6398,89
6399,89
6400,83
6401,66
6402,48
6403,48
6404,67
6405,37
6406,89
6407,12
6408,74
6409,48
6410,48
6411,13
6412,37
6413,89
6414,48
6415,83
6416,48
6417,48
6418,75
6419,13
6420,42
6421,60
6422,74
6423,21
6424,48
6425,90
6426,90
6427,89
6428,48
6429,13
6430,90
6431,48
6432,48
6433,48
6434,21
6435,48
6436,48
6437,48
6438,48
6439,48
6440,48
6441,48
6442,48
6443,48
6444,89
6445,14
6446,14
6447,48
6448,92
6449,13
6450,48
6451,48
6452,58
6453,48
6454,95
6455,48
6456,19
6457,48
6458,48
6459,12
6460,13
6461,95
6462,14
6463,48
6464,48
6465,89
6466,73
6467,14
6468,48
6469,48
6470,89
6471,95
6472,73
6473,48
6474,89
6475,89
6476,92
6477,85
6478,89
6479,56
6480,13
6481,48
6482,13
6483,14
6484,89
6485,58
6486,48
6487,13
6488,75
6489,95
6490,13
6491,48
6492,21
6493,48
6494,75
6495,48
6496,75
6497,48
6498,14
6499,51
6500,58
6501,81
6502,45
6503,81
6504,47
6505,45
6506,48
6507,85
6508,14
6509,75
6510,95
6511,48
6512,42
6513,4
6514,21
6515,74
6516,58
6517,13
6518,75
6519,89
6520,45
6521,21
6522,48
6523,56
6524,48
6525,48
6526,48
6527,42
6528,13
6529,48
6530,42
6531,58
6532,58
6533,39
6534,48
6535,48
6536,6
6537,48
6538,74
6539,42
6540,48
6541,48
6542,14
6543,95
6544,48
6545,48
6546,48
6547,48
6548,56
6549,48
6550,45
6551,83
6552,21
6553,13
6554,18
6555,58
6556,75
6557,95
6558,14
6559,13
6560,48
6561,74
6562,14
6563,12
6564,45
6565,21
6566,89
6567,74
6568,13
6569,37
6570,48
6571,48
6572,37
6573,56
6574,58
6575,81
6576,48
6577,48
6578,14
6579,75
6580,82
6581,48
6582,37
6583,75
6584,48
6585,45
6586,12
6587,48
6588,14
6589,95
6590,48
6591,48
6592,14
6593,89
6594,48
6595,48
6596,75
6597,48
6598,58
6599,89
6600,48
6601,83
6602,14
6603,48
6604,58
6605,66
6606,48
6607,52
6608,81
6609,48
6610,81
6611,48
6612,52
6613,75
6614,48
6615,48
6616,48
6617,81
6618,48
6619,48
6620,48
6621,89
6622,48
6623,89
6624,75
6625,18
6626,85
6627,48
6628,48
6629,48
6630,66
6631,48
6632,48
6633,48
6634,13
6635,89
6636,95
6637,48
6638,30
6639,75
6640,48
6641,13
6642,48
6643,56
6644,48
6645,48
6646,48
6647,82
6648,45
6649,48
6650,95
6651,42
6652,48
6653,48
6654,14
6655,20
6656,48
6657,13
6658,42
6659,14
6660,82
6661,89
6662,13
6663,45
6664,14
6665,85
6666,75
6667,48
6668,14
6669,48
6670,95
6671,66
6672,48
6673,75
6674,12
6675,75
6676,75
6677,1
6678,48
6679,48
6680,21
6681,48
6682,48
6683,48
6684,56
6685,89
6686,13
6687,82
6688,75
6689,61
6690,48
6691,85
6692,48
6693,66
6694,81
6695,48
6696,13
6697,45
6698,66
6699,48
6700,48
6701,81
6702,48
6703,21
6704,66
6705,48
6706,14
6707,58
6708,47
6709,48
6710,48
6711,48
6712,48
6713,48
6714,13
6715,48
6716,48
6717,81
6718,48
6719,75
6720,45
6721,48
6722,48
6723,75
6724,48
6725,48
6726,42
6727,95
6728,66
6729,48
6730,48
6731,14
6732,48
6733,48
6734,48
6735,14
6736,81
6737,14
6738,14
6739,38
6740,81
6741,82
6742,48
6743,58
6744,56
6745,48
6746,75
6747,48
6748,48
6749,48
6750,81
6751,48
6752,21
6753,75
6754,70
6755,45
6756,14
6757,14
6758,45
6759,95
6760,48
6761,48
6762,89
6763,81
6764,48
6765,75
6766,48
6767,48
6768,59
6769,58
6770,51
6771,48
6772,48
6773,52
6774,66
6775,45
6776,48
6777,48
6778,81
6779,48
6780,88
6781,95
6782,48
6783,82
6784,48
6785,48
6786,82
6787,48
6788,66
6789,45
6790,37
6791,48
6792,75
6793,74
6794,48
6795,48
6796,75
6797,48
6798,48
6799,48
6800,48
6801,83
6802,14
6803,13
6804,21
6805,66
6806,83
6807,75
6808,48
6809,45
6810,74
6811,48
6812,12
6813,48
6814,58
6815,81
6816,48
6817,75
6818,48
6819,88
6820,89
6821,70
6822,48
6823,42
6824,48
6825,89
6826,48
6827,83
6828,14
6829,47
6830,58
6831,48
6832,48
6833,48
6834,85
6835,13
6836,56
6837,48
6838,95
6839,82
6840,48
6841,21
6842,45
6843,56
6844,48
6845,82
6846,48
6847,45
6848,48
6849,14
6850,73
6851,81
6852,48
6853,74
6854,48
6855,45
6856,48
6857,41
6858,58
6859,48
6860,75
6861,13
6862,21
6863,42
6864,12
6865,48
6866,89
6867,95
6868,48
6869,14
6870,60
6871,48
6872,48
6873,12
6874,48
6875,45
6876,75
6877,48
6878,61
6879,48
6880,19
6881,48
6882,37
6883,45
6884,48
6885,48
6886,13
6887,48
6888,48
6889,48
6890,22
6891,75
6892,48
6893,81
6894,81
6895,48
6896,45
6897,48
6898,48
6899,48
6900,48
6901,48
6902,48
6903,48
6904,13
6905,45
6906,48
6907,58
6908,67
6909,89
6910,83
6911,48
6912,48
6913,89
6914,75
6915,48
6916,95
6917,48
6918,48
6919,48
6920,48
6921,81
6922,42
6923,48
6924,51
6925,18
6926,89
6927,58
6928,82
6929,58
6930,58
6931,82
6932,21
6933,18
6934,48
6935,89
6936,45
6937,48
6938,48
6939,62
6940,48
6941,18
6942,88
6943,48
6944,58
6945,18
6946,48
6947,48
6948,58
6949,48
6950,13
6951,48
6952,73
6953,12
6954,48
6955,48
6956,45
6957,90
6958,48
6959,81
6960,48
6961,81
6962,48
6963,95
6964,13
6965,48
6966,90
6967,75
6968,48
6969,14
6970,48
6971,48
6972,48
6973,56
6974,56
6975,53
6976,48
6977,48
6978,13
6979,14
6980,75
6981,58
6982,48
6983,52
6984,48
6985,90
6986,58
6987,48
6988,48
6989,48
6990,21
6991,48
6992,89
6993,48
6994,48
6995,48
6996,48
6997,14
6998,48
6999,6
7000,48
7001,48
7002,14
7003,48
7004,48
7005,89
7006,48
7007,83
7008,75
7009,75
7010,48
7011,81
7012,14
7013,21
7014,48
7015,89
7016,21
7017,82
7018,48
7019,6
7020,88
7021,88
7022,45
7023,48
7024,48
7025,58
7026,81
7027,48
7028,75
7029,48
7030,74
7031,83
7032,37
7033,48
7034,75
7035,45
7036,48
7037,48
7038,48
7039,95
7040,45
7041,82
7042,95
7043,81
7044,75
7045,48
7046,58
7047,75
7048,95
7049,14
7050,21
7051,81
7052,48
7053,48
7054,22
7055,48
7056,83
7057,90
7058,58
7059,48
7060,74
7061,75
7062,48
7063,48
7064,13
7065,48
7066,14
7067,42
7068,48
7069,89
7070,48
7071,48
7072,48
7073,48
7074,48
7075,48
7076,48
7077,21
7078,48
7079,21
7080,58
7081,95
7082,48
7083,75
7084,48
7085,14
7086,58
7087,58
7088,48
7089,48
7090,45
7091,48
7092,81
7093,48
7094,21
7095,48
7096,5
7097,73
7098,89
7099,45
7100,12
7101,48
7102,48
7103,95
7104,48
7105,58
7106,21
7107,12
7108,19
7109,48
7110,48
7111,48
7112,75
7113,48
7114,48
7115,75
7116,12
7117,48
7118,48
7119,58
7120,45
7121,13
7122,45
7123,15
7124,48
7125,75
7126,58
7127,21
7128,48
7129,92
7130,45
7131,48
7132,89
7133,89
7134,48
7135,75
7136,48
7137,75
7138,48
7139,45
7140,48
7141,48
7142,48
7143,45
7144,48
7145,81
7146,21
7147,14
7148,95
7149,13
7150,75
7151,48
7152,81
7153,51
7154,95
7155,48
7156,81
7157,19
7158,14
7159,48
7160,48
7161,89
7162,48
7163,35
7164,75
7165,81
7166,48
7167,12
7168,14
7169,58
7170,51
7171,48
7172,48
7173,75
7174,75
7175,48
7176,22
7177,14
7178,13
7179,81
7180,12
7181,14
7182,48
7183,45
7184,22
7185,74
7186,18
7187,45
7188,89
7189,42
7190,6
7191,48
7192,48
7193,48
7194,14
7195,89
7196,75
7197,45
7198,48
7199,82
7200,48
7201,81
7202,48
7203,45
7204,88
7205,37
7206,56
7207,58
7208,45
7209,48
7210,52
7211,85
7212,12
7213,48
7214,58
7215,13
7216,81
7217,48
7218,45
7219,58
7220,48
7221,48
7222,48
7223,51
7224,48
7225,75
7226,75
7227,48
7228,48
7229,42
7230,48
7231,46
7232,45
7233,48
7234,37
7235,75
7236,48
7237,48
7238,45
7239,48
7240,48
7241,48
7242,48
7243,14
7244,66
7245,38
7246,21
7247,89
7248,48
7249,48
7250,48
7251,48
7252,83
7253,56
7254,95
7255,75
7256,48
7257,48
7258,14
7259,48
7260,13
7261,54
7262,48
7263,48
7264,38
7265,75
7266,48
7267,75
7268,47
7269,81
7270,48
7271,48
7272,72
7273,48
7274,48
7275,48
7276,48
7277,48
7278,75
7279,72
7280,21
7281,75
7282,48
7283,74
7284,37
7285,48
7286,48
7287,14
7288,58
7289,48
7290,75
7291,48
7292,74
7293,14
7294,74
7295,48
7296,75
7297,48
7298,81
7299,58
7300,81
7301,21
7302,95
7303,87
7304,48
7305,48
7306,14
7307,48
7308,74
7309,58
7310,66
7311,58
7312,58
7313,45
7314,48
7315,48
7316,12
7317,14
7318,73
7319,58
7320,48
7321,74
7322,18
7323,82
7324,45
7325,75
7326,75
7327,42
7328,82
7329,73
7330,48
7331,13
7332,12
7333,51
7334,48
7335,13
7336,48
7337,21
7338,19
7339,73
7340,48
7341,48
7342,75
7343,75
7344,81
7345,48
7346,48
7347,75
7348,12
7349,89
7350,1
7351,75
7352,56
7353,75
7354,82
7355,48
7356,89
7357,48
7358,48
7359,13
7360,56
7361,45
7362,89
7363,21
7364,66
7365,83
7366,48
7367,81
7368,48
7369,45
7370,48
7371,67
7372,75
7373,48
7374,48
7375,75
7376,13
7377,75
7378,48
7379,45
7380,48
7381,48
7382,89
7383,48
7384,56
7385,48
7386,75
7387,48
7388,13
7389,75
7390,48
7391,48
7392,81
7393,56
7394,75
7395,48
7396,37
7397,48
7398,85
7399,48
7400,48
7401,48
7402,95
7403,48
7404,14
7405,14
7406,82
7407,75
7408,48
7409,58
7410,48
7411,66
7412,48
7413,95
7414,56
7415,48
7416,48
7417,14
7418,48
7419,12
7420,48
7421,83
7422,48
7423,86
7424,45
7425,45
7426,88
7427,88
7428,48
7429,81
7430,48
7431,42
7432,48
7433,21
7434,48
7435,45
7436,21
7437,42
7438,56
7439,48
7440,75
7441,13
7442,92
7443,51
7444,48
7445,48
7446,12
7447,48
7448,48
7449,45
7450,47
7451,90
7452,12
7453,45
7454,42
7455,48
7456,48
7457,45
7458,48
7459,75
7460,48
7461,12
7462,89
7463,75
7464,81
7465,48
7466,73
7467,48
7468,75
7469,42
7470,48
7471,48
7472,75
7473,48
7474,48
7475,45
7476,75
7477,85
7478,33
7479,95
7480,82
7481,48
7482,13
7483,48
7484,13
7485,48
7486,89
7487,48
7488,60
7489,48
7490,48
7491,21
7492,89
7493,56
7494,4
7495,21
7496,51
7497,95
7498,89
7499,21
7500,48
7501,14
7502,13
7503,14
7504,74
7505,45
7506,14
7507,48
7508,13
7509,85
7510,89
7511,42
7512,48
7513,88
7514,48
7515,89
7516,48
7517,89
7518,83
7519,81
7520,75
7521,45
7522,58
7523,48
7524,75
7525,48
7526,81
7527,21
7528,81
7529,75
7530,86
7531,18
7532,95
7533,48
7534,56
7535,48
7536,21
7537,13
7538,47
7539,13
7540,83
7541,14
7542,20
7543,75
7544,48
7545,45
7546,48
7547,45
7548,95
7549,13
7550,75
7551,13
7552,89
7553,45
7554,48
7555,48
7556,48
7557,21
7558,75
7559,75
7560,75
7561,45
7562,48
7563,75
7564,48
7565,81
7566,12
7567,48
7568,48
7569,48
7570,48
7571,48
7572,21
7573,14
7574,95
7575,89
7576,48
7577,81
7578,42
7579,81
7580,14
7581,75
7582,48
7583,48
7584,48
7585,48
7586,45
7587,48
7588,83
7589,86
7590,89
7591,62
7592,13
7593,82
7594,45
7595,75
7596,21
7597,56
7598,58
7599,48
7600,95
7601,14
7602,12
7603,48
7604,89
7605,48
7606,42
7607,42
7608,88
7609,48
7610,18
7611,85
7612,48
7613,48
7614,48
7615,48
7616,82
7617,48
7618,75
7619,48
7620,74
7621,48
7622,13
7623,48
7624,95
7625,42
7626,48
7627,48
7628,89
7629,58
7630,75
7631,52
7632,48
7633,48
7634,83
7635,75
7636,21
7637,66
7638,70
7639,48
7640,48
7641,88
7642,45
7643,48
7644,82
7645,18
7646,48
7647,19
7648,48
7649,42
7650,48
7651,48
7652,13
7653,13
7654,83
7655,83
7656,13
7657,48
7658,48
7659,13
7660,89
7661,48
7662,75
7663,8
7664,14
7665,75
7666,52
7667,42
7668,81
7669,48
7670,4
7671,66
7672,48
7673,66
7674,48
7675,74
7676,45
7677,74
7678,75
7679,82
7680,48
7681,81
7682,48
7683,13
7684,48
7685,66
7686,13
7687,48
7688,75
7689,48
7690,37
7691,21
7692,48
7693,13
7694,42
7695,14
7696,74
7697,48
7698,21
7699,95
7700,66
7701,81
7702,45
7703,12
7704,74
7705,89
7706,48
7707,75
7708,21
7709,89
7710,37
7711,48
7712,48
7713,48
7714,48
7715,48
7716,45
7717,95
7718,48
7719,82
7720,54
7721,13
7722,48
7723,48
7724,48
7725,48
7726,48
7727,48
7728,81
7729,88
7730,89
7731,45
7732,48
7733,56
7734,32
7735,48
7736,81
7737,22
7738,13
7739,81
7740,18
7741,89
7742,58
7743,51
7744,45
7745,58
7746,95
7747,70
7748,58
7749,85
7750,75
7751,74
7752,75
7753,88
7754,83
7755,82
7756,89
7757,75
7758,48
7759,48
7760,48
7761,48
7762,41
7763,75
7764,89
7765,42
7766,85
7767,48
7768,45
7769,73
7770,66
7771,83
7772,89
7773,45
7774,85
7775,48
7776,82
7777,48
7778,45
7779,13
7780,48
7781,48
7782,48
7783,21
7784,48
7785,51
7786,83
7787,48
7788,48
7789,75
7790,83
7791,30
7792,48
7793,6
7794,48
7795,48
7796,89
7797,48
7798,48
7799,90
7800,89
7801,48
7802,81
7803,48
7804,37
7805,48
7806,48
7807,95
7808,75
7809,48
7810,48
7811,21
7812,58
7813,6
7814,48
7815,21
7816,13
7817,56
7818,48
7819,42
7820,48
7821,22
7822,48
7823,81
7824,56
7825,58
7826,90
7827,52
7828,48
7829,48
7830,21
7831,90
7832,18
7833,75
7834,13
7835,58
7836,95
7837,48
7838,45
7839,74
7840,14
7841,14
7842,48
7843,5
7844,90
7845,12
7846,48
7847,75
7848,21
7849,48
7850,45
7851,58
7852,85
7853,48
7854,74
7855,82
7856,95
7857,81
7858,58
7859,51
7860,67
7861,45
7862,48
7863,90
7864,6
7865,13
7866,75
7867,89
7868,95
7869,83
7870,48
7871,48
7872,58
7873,48
7874,48
7875,21
7876,48
7877,48
7878,48
7879,48
7880,48
7881,14
7882,21
7883,48
7884,48
7885,42
7886,31
7887,13
7888,21
7889,81
7890,48
7891,75
7892,48
7893,56
7894,48
7895,14
7896,56
7897,66
7898,48
7899,86
7900,48
7901,22
7902,48
7903,81
7904,48
7905,48
7906,75
7907,83
7908,48
7909,82
7910,37
7911,48
7912,48
7913,48
7914,75
7915,48
7916,48
7917,48
7918,14
7919,95
7920,56
7921,48
7922,48
7923,6
7924,45
7925,75
7926,48
7927,58
7928,95
7929,58
7930,1
7931,95
7932,56
7933,58
7934,42
7935,48
7936,48
7937,42
7938,75
7939,48
7940,82
7941,83
7942,13
7943,75
7944,14
7945,48
7946,26
7947,48
7948,81
7949,48
7950,48
7951,14
7952,14
7953,72
7954,73
7955,66
7956,89
7957,21
7958,48
7959,48
7960,48
7961,83
7962,45
7963,73
7964,6
7965,48
7966,48
7967,48
7968,48
7969,14
7970,95
7971,48
7972,48
7973,48
7974,75
7975,48
7976,48
7977,81
7978,81
7979,74
7980,13
7981,48
7982,48
7983,89
7984,48
7985,48
7986,48
7987,48
7988,75
7989,82
7990,48
7991,82
7992,90
7993,42
7994,89
7995,48
7996,26
7997,58
7998,75
7999,48
8000,14
8001,75
8002,75
8003,48
8004,83
8005,13
8006,48
8007,42
8008,48
8009,48
8010,89
8011,45
8012,48
8013,83
8014,90
8015,81
8016,48
8017,14
8018,48
8019,18
8020,51
8021,13
8022,48
8023,48
8024,12
8025,82
8026,89
8027,14
8028,48
8029,6
8030,56
8031,48
8032,75
8033,48
8034,48
8035,12
8036,48
8037,48
8038,75
8039,48
8040,95
8041,14
8042,48
8043,89
8044,14
8045,83
8046,58
8047,48
8048,95
8049,48
8050,89
8051,48
8052,95
8053,48
8054,21
8055,74
8056,48
8057,21
8058,48
8059,88
8060,48
8061,83
8062,11
8063,48
8064,89
8065,21
8066,13
8067,21
8068,14
8069,81
8070,48
8071,21
8072,21
8073,66
8074,48
8075,21
8076,48
8077,42
8078,48
8079,21
8080,48
8081,58
8082,48
8083,48
8084,4
8085,81
8086,48
8087,51
8088,48
8089,48
8090,86
8091,75
8092,75
8093,51
8094,89
8095,48
8096,88
8097,90
8098,73
8099,70
8100,51
8101,21
8102,56
8103,12
8104,14
8105,75
8106,48
8107,13
8108,89
8109,14
8110,88
8111,13
8112,48
8113,51
8114,48
8115,48
8116,48
8117,58
8118,21
8119,51
8120,1
8121,66
8122,45
8123,48
8124,48
8125,48
8126,58
8127,90
8128,66
8129,89
8130,74
8131,70
8132,48
8133,48
8134,48
8135,70
8136,6
8137,12
8138,45
8139,86
8140,14
8141,85
8142,48
8143,42
8144,75
8145,45
8146,48
8147,48
8148,75
8149,21
8150,48
8151,48
8152,48
8153,21
8154,75
8155,85
8156,75
8157,51
8158,13
8159,48
8160,30
8161,48
8162,48
8163,13
8164,48
8165,48
8166,82
8167,20
8168,13
8169,89
8170,11
8171,14
8172,48
8173,37
8174,89
8175,95
8176,48
8177,48
8178,48
8179,48
8180,82
8181,48
8182,21
8183,48
8184,75
8185,74
8186,42
8187,75
8188,6
8189,48
8190,48
8191,48
8192,48
8193,42
8194,89
8195,66
8196,89
8197,73
8198,89
8199,48
8200,89
8201,75
8202,48
8203,82
8204,92
8205,48
8206,48
8207,21
8208,18
8209,48
8210,21
8211,48
8212,48
8213,75
8214,14
8215,48
8216,75
8217,56
8218,48
8219,48
8220,73
8221,13
8222,21
8223,6
8224,90
8225,21
8226,33
8227,14
8228,51
8229,75
8230,75
8231,89
8232,48
8233,48
8234,48
8235,48
8236,21
8237,48
8238,75
8239,51
8240,14
8241,75
8242,48
8243,83
8244,45
8245,95
8246,89
8247,66
8248,12
8249,1
8250,51
8251,95
8252,48
8253,48
8254,48
8255,48
8256,18
8257,48
8258,75
8259,48
8260,42
8261,42
8262,45
8263,48
8264,95
8265,48
8266,13
8267,89
8268,48
8269,48
8270,18
8271,45
8272,48
8273,48
8274,21
8275,14
8276,13
8277,48
8278,95
8279,45
8280,48
8281,48
8282,51
8283,37
8284,13
8285,89
8286,48
8287,51
8288,48
8289,14
8290,48
8291,45
8292,48
8293,58
8294,21
8295,48
8296,81
8297,12
8298,48
8299,48
8300,48
8301,83
8302,0
8303,48
8304,89
8305,48
8306,75
8307,81
8308,48
8309,85
8310,21
8311,48
8312,81
8313,48
8314,83
8315,48
8316,58
8317,48
8318,48
8319,72
8320,48
8321,75
8322,74
8323,18
8324,48
8325,81
8326,81
8327,58
8328,45
8329,58
8330,48
8331,48
8332,95
8333,48
8334,48
8335,13
8336,12
8337,11
8338,75
8339,95
8340,48
8341,48
8342,48
8343,81
8344,45
8345,48
8346,81
8347,48
8348,45
8349,48
8350,90
8351,58
8352,6
8353,21
8354,85
8355,42
8356,19
8357,12
8358,48
8359,48
8360,12
8361,48
8362,81
8363,14
8364,21
8365,14
8366,21
8367,95
8368,14
8369,48
8370,14
8371,58
8372,48
8373,12
8374,26
8375,45
8376,48
8377,48
8378,74
8379,21
8380,90
8381,48
8382,56
8383,48
8384,37
8385,48
8386,21
8387,48
8388,58
8389,51
8390,81
8391,48
8392,95
8393,75
8394,45
8395,45
8396,48
8397,82
8398,52
8399,6
8400,95
8401,51
8402,48
8403,75
8404,58
8405,51
8406,48
8407,21
8408,13
8409,48
8410,45
8411,13
8412,89
8413,58
8414,58
8415,21
8416,31
8417,48
8418,66
8419,48
8420,75
8421,12
8422,14
8423,95
8424,48
8425,48
8426,82
8427,48
8428,73
8429,48
8430,48
8431,14
8432,58
8433,48
8434,13
8435,48
8436,89
8437,13
8438,14
8439,48
8440,95
8441,48
8442,48
8443,45
8444,48
8445,48
8446,48
8447,89
8448,51
8449,48
8450,12
8451,45
8452,48
8453,48
8454,48
8455,58
8456,81
8457,48
8458,14
8459,12
8460,48
8461,37
8462,21
8463,48
8464,48
8465,42
8466,48
8467,75
8468,48
8469,42
8470,82
8471,48
8472,95
8473,45
8474,95
8475,56
8476,14
8477,85
8478,13
8479,42
8480,45
8481,48
8482,48
8483,52
8484,95
8485,75
8486,14
8487,45
8488,85
8489,13
8490,48
8491,45
8492,75
8493,48
8494,48
8495,90
8496,48
8497,51
8498,42
8499,45
8500,75
8501,75
8502,6
8503,48
8504,14
8505,14
8506,75
8507,75
8508,48
8509,48
8510,95
8511,48
8512,13
8513,14
8514,12
8515,14
8516,95
8517,6
8518,48
8519,48
8520,81
8521,83
8522,95
8523,37
8524,48
8525,82
8526,48
8527,88
8528,81
8529,48
8530,72
8531,47
8532,75
8533,13
8534,81
8535,48
8536,58
8537,83
8538,75
8539,14
8540,48
8541,58
8542,21
8543,47
8544,14
8545,88
8546,48
8547,89
8548,6
8549,48
8550,26
8551,21
8552,82
8553,48
8554,13
8555,13
8556,48
8557,56
8558,21
8559,48
8560,48
8561,48
8562,82
8563,48
8564,48
8565,21
8566,13
8567,48
8568,75
8569,48
8570,48
8571,48
8572,13
8573,48
8574,75
8575,6
8576,74
8577,58
8578,83
8579,48
8580,81
8581,83
8582,14
8583,75
8584,81
8585,81
8586,48
8587,82
8588,81
8589,48
8590,66
8591,45
8592,86
8593,48
8594,74
8595,70
8596,48
8597,48
8598,48
8599,48
8600,13
8601,58
8602,89
8603,48
8604,14
8605,47
8606,89
8607,56
8608,18
8609,48
8610,48
8611,48
8612,95
8613,60
8614,70
8615,45
8616,75
8617,81
8618,48
8619,14
8620,51
8621,92
8622,58
8623,89
8624,89
8625,21
8626,13
8627,48
8628,14
8629,42
8630,48
8631,83
8632,48
8633,90
8634,74
8635,75
8636,48
8637,48
8638,81
8639,48
8640,18
8641,48
8642,48
8643,82
8644,48
8645,48
8646,48
8647,21
8648,48
8649,1
8650,14
8651,38
8652,51
8653,12
8654,82
8655,13
8656,83
8657,31
8658,48
8659,13
8660,13
8661,48
8662,48
8663,75
8664,45
8665,14
8666,48
8667,48
8668,13
8669,48
8670,12
8671,82
8672,14
8673,75
8674,67
8675,14
8676,48
8677,95
8678,90
8679,66
8680,75
8681,21
8682,74
8683,59
8684,48
8685,48
8686,75
8687,14
8688,51
8689,83
8690,48
8691,48
8692,48
8693,13
8694,37
8695,75
8696,55
8697,48
8698,21
8699,83
8700,48
8701,75
8702,88
8703,12
8704,48
8705,48
8706,48
8707,48
8708,21
8709,69
8710,48
8711,21
8712,48
8713,48
8714,48
8715,89
8716,89
8717,48
8718,48
8719,12
8720,20
8721,48
8722,66
8723,6
8724,83
8725,14
8726,83
8727,73
8728,48
8729,85
8730,82
8731,51
8732,48
8733,90
8734,90
8735,48
8736,82
8737,48
8738,89
8739,48
8740,75
8741,95
8742,48
8743,48
8744,81
8745,56
8746,48
8747,42
8748,48
8749,48
8750,48
8751,81
8752,47
8753,48
8754,48
8755,75
8756,48
8757,13
8758,45
8759,51
8760,12
8761,48
8762,48
8763,48
8764,95
8765,48
8766,37
8767,83
8768,56
8769,48
8770,95
8771,95
8772,48
8773,45
8774,48
8775,56
8776,48
8777,95
8778,48
8779,48
8780,48
8781,12
8782,89
8783,74
8784,73
8785,82
8786,88
8787,48
8788,48
8789,48
8790,48
8791,70
8792,48
8793,48
8794,83
8795,13
8796,89
8797,48
8798,12
8799,48
8800,14
8801,14
8802,45
8803,48
8804,48
8805,89
8806,48
8807,95
8808,88
8809,58
8810,37
8811,73
8812,13
8813,14
8814,58
8815,48
8816,48
8817,38
8818,85
8819,14
8820,48
8821,89
8822,13
8823,52
8824,48
8825,75
8826,85
8827,95
8828,14
8829,51
8830,48
8831,42
8832,48
8833,86
8834,88
8835,48
8836,48
8837,75
8838,48
8839,48
8840,48
8841,81
8842,51
8843,58
8844,37
8845,66
8846,95
8847,81
8848,75
8849,58
8850,51
8851,85
8852,42
8853,48
8854,48
8855,70
8856,74
8857,81
8858,81
8859,48
8860,48
8861,89
8862,13
8863,48
8864,48
8865,48
8866,82
8867,48
8868,22
8869,95
8870,48
8871,48
8872,14
8873,90
8874,48
8875,48
8876,90
8877,48
8878,13
8879,45
8880,62
8881,45
8882,42
8883,48
8884,37
8885,47
8886,75
8887,89
8888,45
8889,45
8890,48
8891,48
8892,48
8893,48
8894,48
8895,48
8896,13
8897,81
8898,75
8899,75
8900,82
8901,75
8902,95
8903,83
8904,48
8905,56
8906,89
8907,56
8908,95
8909,48
8910,45
8911,56
8912,81
8913,21
8914,12
8915,75
8916,81
8917,82
8918,48
8919,82
8920,48
8921,75
8922,48
8923,81
8924,14
8925,45
8926,37
8927,48
8928,58
8929,48
8930,14
8931,48
8932,82
8933,18
8934,48
8935,48
8936,48
8937,52
8938,21
8939,83
8940,85
8941,45
8942,89
8943,95
8944,89
8945,13
8946,48
8947,90
8948,58
8949,13
8950,45
8951,52
8952,48
8953,48
8954,14
8955,13
8956,48
8957,45
8958,58
8959,58
8960,14
8961,75
8962,75
8963,18
8964,21
8965,21
8966,48
8967,66
8968,21
8969,14
8970,13
8971,83
8972,21
8973,48
8974,82
8975,75
8976,45
8977,48
8978,95
8979,82
8980,13
8981,48
8982,48
8983,56
8984,48
8985,82
8986,48
8987,14
8988,81
8989,21
8990,75
8991,69
8992,58
8993,85
8994,48
8995,48
8996,85
8997,48
8998,95
8999,75
9000,88
9001,45
9002,75
9003,48
9004,21
9005,14
9006,37
9007,48
9008,56
9009,14
9010,58
9011,89
9012,45
9013,48
9014,89
9015,58
9016,48
9017,48
9018,13
9019,89
9020,73
9021,74
9022,88
9023,48
9024,89
9025,90
9026,48
9027,48
9028,42
9029,95
9030,48
9031,48
9032,45
9033,81
9034,45
9035,48
9036,48
9037,21
9038,58
9039,89
9040,42
9041,75
9042,21
9043,81
9044,6
9045,48
9046,73
9047,14
9048,48
9049,12
9050,14
9051,75
9052,56
9053,82
9054,72
9055,95
9056,48
9057,58
9058,48
9059,45
9060,48
9061,58
9062,14
9063,88
9064,48
9065,21
9066,21
9067,48
9068,81
9069,90
9070,14
9071,70
9072,81
9073,74
9074,58
9075,72
9076,21
9077,12
9078,74
9079,48
9080,48
9081,48
9082,1
9083,83
9084,95
9085,48
9086,14
9087,48
9088,6
9089,48
9090,95
9091,56
9092,75
9093,14
9094,86
9095,48
9096,48
9097,83
9098,95
9099,89
9100,48
9101,47
9102,51
9103,13
9104,74
9105,48
9106,58
9107,45
9108,89
9109,51
9110,75
9111,48
9112,14
9113,75
9114,95
9115,74
9116,48
9117,13
9118,48
9119,13
9120,14
9121,30
9122,48
9123,14
9124,48
9125,51
9126,48
9127,90
9128,48
9129,21
9130,48
9131,81
9132,58
9133,81
9134,88
9135,48
9136,48
9137,75
9138,75
9139,45
9140,89
9141,66
9142,45
9143,48
9144,51
9145,81
9146,70
9147,45
9148,14
9149,48
9150,18
9151,14
9152,48
9153,75
9154,18
9155,48
9156,48
9157,56
9158,14
9159,48
9160,95
9161,75
9162,89
9163,48
9164,95
9165,42
9166,95
9167,89
9168,13
9169,58
9170,21
9171,83
9172,48
9173,48
9174,82
9175,90
9176,48
9177,14
9178,48
9179,14
9180,75
9181,48
9182,75
9183,72
9184,58
9185,48
9186,42
9187,48
9188,88
9189,48
9190,66
9191,48
9192,83
9193,47
9194,58
9195,51
9196,51
9197,48
9198,45
9199,72
9200,83
9201,21
9202,48
9203,48
9204,66
9205,21
9206,48
9207,54
9208,95
9209,82
9210,48
9211,13
9212,48
9213,38
9214,13
9215,30
9216,51
9217,39
9218,48
9219,90
9220,21
9221,45
9222,48
9223,48
9224,45
9225,48
9226,45
9227,21
9228,13
9229,81
9230,48
9231,48
9232,89
9233,48
9234,48
9235,75
9236,13
9237,12
9238,48
9239,48
9240,48
9241,48
9242,31
9243,42
9244,83
9245,48
9246,85
9247,58
9248,74
9249,48
9250,88
9251,95
9252,56
9253,48
9254,89
9255,48
9256,14
9257,48
9258,48
9259,89
9260,81
9261,48
9262,48
9263,45
9264,89
9265,21
9266,75
9267,11
9268,48
9269,51
9270,21
9271,83
9272,75
9273,13
9274,62
9275,48
9276,48
9277,89
9278,58
9279,45
9280,45
9281,14
9282,75
9283,75
9284,48
9285,48
9286,21
9287,37
9288,89
9289,14
9290,89
9291,72
9292,21
9293,48
9294,83
9295,75
9296,42
9297,45
9298,13
9299,15
9300,95
9301,75
9302,48
9303,83
9304,88
9305,14
9306,48
9307,51
9308,74
9309,13
9310,48
9311,89
9312,75
9313,90
9314,75
9315,82
9316,95
9317,95
9318,13
9319,18
9320,47
9321,48
9322,92
9323,48
9324,42
9325,21
9326,48
9327,85
9328,58
9329,48
9330,58
9331,58
9332,48
9333,13
9334,21
9335,6
9336,95
9337,45
9338,51
9339,21
9340,95
9341,14
9342,52
9343,95
9344,48
9345,48
9346,48
9347,45
9348,48
9349,74
9350,48
9351,75
9352,74
9353,75
9354,48
9355,18
9356,82
9357,95
9358,13
9359,14
9360,6
9361,75
9362,82
9363,48
9364,48
9365,48
9366,95
9367,48
9368,48
9369,48
9370,48
9371,45
9372,13
9373,48
9374,48
9375,48
9376,48
9377,58
9378,48
9379,81
9380,81
9381,82
9382,48
9383,95
9384,48
9385,45
9386,75
9387,45
9388,48
9389,56
9390,75
9391,95
9392,95
9393,48
9394,89
9395,19
9396,82
9397,48
9398,48
9399,52
9400,66
9401,48
9402,48
9403,14
9404,95
9405,58
9406,48
9407,90
9408,48
9409,48
9410,38
9411,89
9412,48
9413,48
9414,48
9415,81
9416,52
9417,81
9418,48
9419,48
9420,74
9421,13
9422,48
9423,95
9424,45
9425,48
9426,89
9427,89
9428,48
9429,58
9430,48
9431,82
9432,48
9433,51
9434,48
9435,45
9436,75
9437,75
9438,56
9439,90
9440,22
9441,75
9442,51
9443,48
9444,13
9445,81
9446,75
9447,58
9448,42
9449,45
9450,48
9451,48
9452,48
9453,66
9454,81
9455,14
9456,48
9457,56
9458,85
9459,12
9460,81
9461,30
9462,48
9463,13
9464,48
9465,75
9466,21
9467,48
9468,74
9469,75
9470,83
9471,45
9472,21
9473,13
9474,90
9475,48
9476,48
9477,48
9478,48
9479,48
9480,21
9481,48
9482,83
9483,74
9484,14
9485,70
9486,48
9487,75
9488,21
9489,37
9490,48
9491,81
9492,48
9493,83
9494,66
9495,48
9496,48
9497,21
9498,74
9499,12
9500,13
9501,75
9502,75
9503,45
9504,48
9505,48
9506,75
9507,75
9508,48
9509,48
9510,52
9511,48
9512,48
9513,89
9514,37
9515,12
9516,13
9517,83
9518,48
9519,48
9520,48
9521,73
9522,89
9523,21
9524,13
9525,48
9526,21
9527,48
9528,48
9529,13
9530,12
9531,48
9532,82
9533,21
9534,48
9535,75
9536,13
9537,45
9538,14
9539,48
9540,73
9541,37
9542,85
9543,48
9544,45
9545,95
9546,13
9547,48
9548,48
9549,12
9550,11
9551,75
9552,51
9553,45
9554,21
9555,75
9556,48
9557,18
9558,13
9559,48
9560,48
9561,75
9562,18
9563,92
9564,89
9565,70
9566,89
9567,75
9568,75
9569,22
9570,58
9571,42
9572,58
9573,48
9574,14
9575,48
9576,48
9577,95
9578,48
9579,35
9580,58
9581,18
9582,11
9583,58
9584,12
9585,75
9586,13
9587,48
9588,83
9589,75
9590,75
9591,48
9592,22
9593,48
9594,13
9595,89
9596,48
9597,72
9598,21
9599,12
9600,48
9601,37
9602,48
9603,48
9604,22
9605,48
9606,75
9607,48
9608,58
9609,48
9610,45
9611,45
9612,42
9613,89
9614,48
9615,48
9616,11
9617,58
9618,48
9619,48
9620,13
9621,56
9622,14
9623,95
9624,48
9625,48
9626,85
9627,88
9628,95
9629,45
9630,89
9631,90
9632,48
9633,70
9634,38
9635,37
9636,48
9637,75
9638,48
9639,45
9640,48
9641,95
9642,48
9643,51
9644,67
9645,51
9646,48
9647,13
9648,48
9649,81
9650,48
9651,89
9652,45
9653,12
9654,48
9655,75
9656,6
9657,42
9658,75
9659,45
9660,43
9661,83
9662,81
9663,48
9664,95
9665,48
9666,66
9667,48
9668,95
9669,48
9670,48
9671,48
9672,31
9673,48
9674,51
9675,56
9676,89
9677,48
9678,48
9679,21
9680,75
9681,82
9682,75
9683,75
9684,48
9685,75
9686,14
9687,82
9688,56
9689,74
9690,83
9691,75
9692,48
9693,48
9694,21
9695,48
9696,48
9697,48
9698,45
9699,42
9700,56
9701,21
9702,90
9703,83
9704,48
9705,48
9706,12
9707,48
9708,75
9709,48
9710,48
9711,82
9712,89
9713,48
9714,81
9715,81
9716,45
9717,73
9718,95
9719,48
9720,48
9721,48
9722,81
9723,37
9724,48
9725,45
9726,85
9727,21
9728,48
9729,58
9730,21
9731,11
9732,21
9733,48
9734,45
9735,48
9736,48
9737,83
9738,14
9739,37
9740,48
9741,48
9742,48
9743,81
9744,81
9745,21
9746,58
9747,75
9748,88
9749,48
9750,48
9751,48
9752,90
9753,58
9754,21
9755,56
9756,48
9757,48
9758,48
9759,14
9760,72
9761,89
9762,75
9763,48
9764,42
9765,95
9766,48
9767,58
9768,75
9769,58
9770,48
9771,90
9772,85
9773,48
9774,48
9775,82
9776,48
9777,48
9778,14
9779,75
9780,58
9781,18
9782,73
9783,75
9784,48
9785,82
9786,95
9787,42
9788,48
9789,48
9790,66
9791,48
9792,48
9793,90
9794,45
9795,73
9796,37
9797,58
9798,81
9799,13
9800,11
9801,13
9802,48
9803,75
9804,14
9805,48
9806,86
9807,75
9808,81
9809,90
9810,81
9811,48
9812,48
9813,74
9814,13
9815,58
9816,88
9817,13
9818,42
9819,56
9820,74
9821,47
9822,12
9823,48
9824,90
9825,85
9826,48
9827,48
9828,48
9829,48
9830,58
9831,45
9832,20
9833,48
9834,86
9835,13
9836,48
9837,48
9838,48
9839,66
9840,13
9841,48
9842,14
9843,48
9844,48
9845,48
9846,48
9847,75
9848,22
9849,45
9850,48
9851,74
9852,48
9853,42
9854,83
9855,75
9856,13
9857,48
9858,89
9859,75
9860,95
9861,45
9862,89
9863,82
9864,58
9865,75
9866,48
9867,69
9868,58
9869,89
9870,18
9871,48
9872,48
9873,48
9874,82
9875,48
9876,82
9877,75
9878,48
9879,48
9880,58
9881,75
9882,48
9883,14
9884,14
9885,75
9886,75
9887,42
9888,83
9889,48
9890,73
9891,83
9892,48
9893,21
9894,48
9895,48
9896,95
9897,83
9898,48
9899,95
9900,89
9901,48
9902,75
9903,58
9904,92
9905,95
9906,21
9907,48
9908,83
9909,48
9910,48
9911,45
9912,48
9913,75
9914,74
9915,75
9916,13
9917,75
9918,89
9919,66
9920,82
9921,66
9922,89
9923,37
9924,90
9925,56
9926,75
9927,58
9928,48
9929,48
9930,81
9931,73
9932,75
9933,51
9934,51
9935,48
9936,58
9937,48
9938,81
9939,48
9940,82
9941,14
9942,89
9943,58
9944,6
9945,14
9946,48
9947,74
9948,48
9949,48
9950,14
9951,51
9952,14
9953,48
9954,95
9955,75
9956,45
9957,45
9958,75
9959,73
9960,48
9961,75
9962,14
9963,48
9964,14
9965,48
9966,48
9967,48
9968,45
9969,58
9970,82
9971,48
9972,48
9973,12
9974,48
9975,14
9976,74
9977,14
9978,48
9979,48
9980,48
9981,52
9982,75
9983,14
9984,58
9985,89
9986,75
9987,48
9988,89
9989,48
9990,75
9991,13
9992,70
9993,95
9994,12
9995,48
9996,14
9997,14
9998,48
9999,45
